,상세영업상태명,도로명전체주소,사업장명,문화체육업종명,좌표정보x(epsg5174),좌표정보y(epsg5174),지역구분명,지상층수,지하층수,객실수,주변환경명,건물용도명,시설면적,관광숙박업상세명
0,휴업,서울특별시 서초구 바우뫼로12길 70 (양재동),더케이호텔앤리조트(주) 더케이호텔서울,관광숙박업,202833.261653939,440511.561175378,자연녹지지역,11.0,1.0,250.0,주택가주변,호텔,52135.75,관광호텔업
1,휴업,서울특별시 구로구 디지털로19길 6-14 (가리봉동),스토리호스텔,관광숙박업,190265.51915022,442043.305262935,준공업지역,9.0,1.0,29.0,기타,숙박시설,755.34,호스텔업
2,휴업,서울특별시 강북구 도봉로 16 (미아동),호텔 빅토리아,관광숙박업,202651.538047427,456473.886142136,상업지역,0.0,0.0,0.0,유흥업소밀집지역,환경위생시설,0.0,관광호텔업
3,휴업,서울특별시 강북구 4.19로 135 (수유동),호텔더숲아카데미하우스,관광숙박업,200020.571943402,459790.386206253,,0.0,0.0,0.0,,,0.0,관광호텔업
4,휴업,서울특별시 강북구 덕릉로 111 (번동),쏠라리움씨티,관광숙박업,202232.199646001,459201.468505083,,0.0,0.0,0.0,,,0.0,호스텔업
5,휴업,서울특별시 광진구 구의강변로 38 (구의동),동서울 관광호텔,관광숙박업,208051.884671132,447994.805558304,준주거지역,10.0,4.0,98.0,기타,,7908.4,관광호텔업
6,휴업,"서울특별시 강남구 논현로 647 (논현동, 힐탑관광호텔)",힐탑관광호텔,관광숙박업,202673.67026853,445483.986504694,,5.0,2.0,0.0,,호텔,5789.85,관광호텔업
7,휴업,"서울특별시 종로구 종로 69 (종로2가, YMCA)",서울YMCA관광호텔,관광숙박업,198630.79627088,452035.412646906,,8.0,1.0,30.0,,호텔,892.86,관광호텔업
8,휴업,서울특별시 영등포구 버드나루로 23  (영등포동2가),라스베가스 관광호텔,관광숙박업,192165.93453037,446508.000792709,,0.0,0.0,0.0,,,0.0,
9,휴업,서울특별시 중구 동호로 287 (장충동2가),앰배서더 서울 풀만 호텔,관광숙박업,200141.998469463,450878.102981055,,0.0,0.0,318.0,,,32899.26,관광호텔업
10,폐업,"서울특별시 중구 장충단로13길 20  (을지로6가,케레스타 빌딩 18층~20층)",이스트게이트 타워호텔,관광숙박업,200613.510297669,451817.515366883,일반상업지역,0.0,0.0,0.0,기타,,5996.79,
11,폐업,서울특별시 중구 동호로 360 (을지로5가),호텔아카시아,관광숙박업,200170.834204583,451577.602493325,상업지역,12.0,3.0,134.0,기타,숙박시설,8839.81,관광호텔업
12,폐업,서울특별시 서초구 사평대로 160 (반포동),쉐라톤 서울 팔래스 강남 호텔,관광숙박업,200061.052344598,444287.834671099,일반주거지역,13.0,2.0,341.0,아파트지역,호텔,31162.04,관광호텔업
13,폐업,서울특별시 서초구 효령로55길 39 (서초동),센트로관광호텔,관광숙박업,201170.070004848,442708.003635745,근린상업지역,8.0,2.0,94.0,기타,근린생활시설,8285.57,관광호텔업
14,폐업,서울특별시 서초구 반포대로18길 62 (서초동),호텔 라리아,관광숙박업,201144.337579839,442788.083376457,일반상업지역,15.0,2.0,81.0,,,0.0,관광호텔업
15,폐업,"서울특별시 서초구 효령로 345, 프랜드호텔 (서초동)",주식회사 프렌드호텔,관광숙박업,201846.586838152,442752.888685325,일반상업지역,5.0,2.0,59.0,유흥업소밀집지역,근린생활시설,3713.77,관광호텔업
16,폐업,서울특별시 중구 소공로6길 38 (남산동2가),케이 스테이 2,관광숙박업,198614.550199488,450677.047277743,일반주거지역,4.0,1.0,20.0,,,420.88,호스텔업
17,폐업,서울특별시 중랑구 망우로50길 22 (상봉동),더홀릭 관광호텔,관광숙박업,207778.811774353,454861.510993306,일반상업지역,5.0,1.0,0.0,,숙박시설,0.0,
18,폐업,"서울특별시 마포구 희우정로 90, 샤이닝글로리하우스 (망원동)",샤이닝 글로리 하우스,관광숙박업,191352.474870905,450172.065593512,일반주거지역,7.0,1.0,69.0,기타,호텔,3828.39,관광호텔업
19,폐업,서울특별시 마포구 월드컵북로 120 (성산동),더 엠 호텔,관광숙박업,192282.955607289,451304.996932629,일반주거지역,10.0,2.0,56.0,기타,호텔,3043.28,가족호텔업
20,폐업,서울특별시 마포구 양화로 112 (서교동),메리골드호텔,관광숙박업,192839.116937246,450119.061832193,일반상업지역,10.0,4.0,186.0,,호텔,14252.1,관광호텔업
21,폐업,서울특별시 마포구 희우정로16길 31 (망원동),Alveolus(앨비어러스),관광숙박업,191415.339342271,450275.024623503,일반주거지역,1.0,1.0,1.0,,기타,72.56,호스텔업
22,폐업,서울특별시 마포구 동교로 142-13 (서교동),NEO SEOUL,관광숙박업,192696.777446115,450265.462973201,일반주거지역,3.0,1.0,18.0,,숙박시설,654.2,호스텔업
23,폐업,서울특별시 마포구 서강로 19 (신정동),케이호스텔,관광숙박업,193739.315165771,449217.82970806,일반주거지역,12.0,2.0,27.0,,숙박시설,976.4,호스텔업
24,폐업,,서서울관광호텔,관광숙박업,,,,0.0,0.0,0.0,,,0.0,
25,폐업,"서울특별시 마포구 잔다리로 67 (서교동, 유양관광호텔)",호텔야자,관광숙박업,192584.698023412,450151.420026822,일반주거지역,5.0,1.0,42.0,,호텔,1504.56,관광호텔업
26,폐업,서울특별시 마포구 양화로 130 (서교동),(주)아주호텔서교,관광숙박업,192971.947727746,450243.232547428,,0.0,0.0,135.0,,,0.0,관광호텔업
27,폐업,서울특별시 마포구 서강로 137 (노고산동),까사빌 신촌 서울,관광숙박업,194237.345664459,450263.50766141,상업지역,14.0,0.0,183.0,,숙박시설,4123.05,가족호텔업
28,폐업,서울특별시 강서구 공항대로 63 (공항동),에어포트관광호텔,관광숙박업,183529.005183547,451027.590421816,준주거지역,5.0,1.0,0.0,기타,호텔,3046.33,관광호텔업
29,폐업,서울특별시 강서구 공항대로 653-30 (염창동),리버파크관광호텔,관광숙박업,189172.250232972,449594.160970902,,9.0,3.0,0.0,,,5885.74,관광호텔업
30,폐업,서울특별시 강서구 화곡로 354-3 (화곡동),호텔 노스탈자,관광숙박업,186908.920793249,450297.393074396,,7.0,2.0,0.0,,,4619.39,
31,폐업,서울특별시 강서구 화곡로 254  (화곡동),티파니관광호텔,관광숙박업,186352.550070658,449495.06576488,,0.0,0.0,0.0,,,0.0,
32,폐업,서울특별시 강서구 화곡로 342 (화곡동),뉴리젠트호텔,관광숙박업,186834.234500517,450221.185293857,,0.0,0.0,0.0,,,0.0,
33,폐업,서울특별시 강서구 공항대로 516  (등촌동),그린월드관광호텔,관광숙박업,187851.415781065,449900.510297141,,8.0,3.0,0.0,,,3470.94,
34,폐업,서울특별시 강서구 화곡로 342  (화곡동),뉴리젠트호텔,관광숙박업,186834.234500517,450221.185293857,,0.0,0.0,0.0,,,0.0,
35,폐업,서울특별시 강서구 남부순환로 188 (외발산동),넘버25호텔 김포공항점,관광숙박업,183993.393147385,449605.865701793,,6.0,2.0,50.0,,,3196.41,관광호텔업
36,폐업,서울특별시 노원구 노해로75길 20-17 (상계동),세피아관광호텔,관광숙박업,205067.291313483,461397.873903225,일반상업지역,8.0,1.0,49.0,유흥업소밀집지역,숙박시설,2081.15,관광호텔업
37,폐업,"서울특별시 강남구 테헤란로29길 12 (역삼동, 에이치 에비뉴 호텔 역삼)",에이치 에비뉴 호텔 역삼(H AVENUE HOTEL YEOKSAM),관광숙박업,203355.625966004,444476.290241009,상업지역,10.0,1.0,49.0,기타,숙박시설,1987.57,관광호텔업
38,폐업,서울특별시 강동구 진황도로 93 (길동),아르고(Argo)호텔,관광숙박업,212025.713738228,448227.378064025,일반상업지역,14.0,1.0,,유흥업소밀집지역,호텔,4825.0,
39,폐업,서울특별시 강동구 성안로 121  (성내동),코리아관광호텔,관광숙박업,211729.922597656,448004.907407488,근린상업지역,8.0,1.0,,,숙박시설,1884.0,
40,폐업,서울특별시 강동구 천중로42길 75 (길동),투비인관광호텔,관광숙박업,212181.323549608,448385.909583776,일반상업지역,8.0,2.0,92.0,유흥업소밀집지역,호텔,6059.51,
41,폐업,서울특별시 강남구 도산대로 119 (신사동),더 리센츠 프리미엄 강남호텔,관광숙박업,201828.756638827,446119.714905741,일반상업지역,17.0,6.0,0.0,기타,숙박시설,9949.48,관광호텔업
42,폐업,서울특별시 강남구 역삼로 160 (역삼동),보리호텔(Boree Hotel),관광숙박업,203175.34942825,443621.342018504,일반주거지역,9.0,3.0,0.0,기타,호텔,4628.45,관광호텔업
43,폐업,서울특별시 강남구 학동로 117 (논현동),호텔 포레힐,관광숙박업,202019.609786891,445542.15986245,일반주거지역,8.0,6.0,82.0,기타,숙박시설,0.0,관광호텔업
44,폐업,"서울특별시 강남구 테헤란로 611 (삼성동, 뷰티크호텔XYM)",부띠끄 호텔 엑스와이엠,관광숙박업,205613.224315917,445264.371898509,일반주거지역,6.0,1.0,0.0,기타,숙박시설,1673.6,관광호텔업
45,폐업,서울특별시 금천구 시흥대로 378 (독산동),(주)노보텔앰배서더독산,관광숙박업,190941.203218878,440593.5758415,근린상업지역,14.0,5.0,218.0,,호텔,30746.16,관광호텔업
46,폐업,"서울특별시 금천구 벚꽃로56길 190, 호텔 해담채 가산 (가산동)",호텔 해담채 가산,관광숙박업,190089.940594302,441930.422346464,일반상업지역,18.0,2.0,176.0,기타,숙박시설,6681.02,관광호텔업
47,폐업,"서울특별시 강남구 테헤란로8길 13, 6층 (역삼동)",오아시스 호스텔,관광숙박업,202738.921419902,443977.012671589,일반상업지역,7.0,1.0,0.0,기타,숙박시설,247.91,호스텔업
48,폐업,"서울특별시 강남구 봉은사로 143 (논현동, 운현오피스텔)",강남패밀리호텔,관광숙박업,202596.666692428,444917.728061158,일반상업지역,15.0,5.0,105.0,,,0.0,가족호텔업
49,폐업,"서울특별시 강남구 논현로 716, 3,4층 (논현동, 한솔빌딩)",한솔 호스텔,관광숙박업,202589.7,445979.625,일반주거지역,5.0,1.0,0.0,기타,숙박시설,290.82,호스텔업
50,폐업,서울특별시 강남구 논현로 74-1 (개포동),호텔 컬리넌 개포,관광숙박업,203992.231656458,441630.077624843,준주거지역,8.0,2.0,47.0,,호텔,1627.92,관광호텔업
51,폐업,서울특별시 강남구 강남대로112길 20 (논현동),왈츠호텔,관광숙박업,202235.26618266,444811.276333113,일반주거지역,6.0,1.0,28.0,,호텔,211.57,소형호텔업
52,폐업,서울특별시 강남구 테헤란로79길 7 (삼성동),호텔 더 디자이너스,관광숙박업,204801.754078438,445016.79397056,일반상업지역,10.0,2.0,0.0,기타,호텔,3997.73,
53,폐업,"서울특별시 구로구 새말로 20, 서울인관광호텔 (구로동)",코코모호텔,관광숙박업,189616.936088565,444424.824149503,준공업지역,8.0,1.0,47.0,기타,호텔,1604.5,관광호텔업
54,폐업,서울특별시 구로구 경인로 662 (신도림동),쉐라톤 서울 디큐브시티 호텔,관광숙박업,190107.045415333,445157.626366229,일반상업지역,42.0,8.0,269.0,,숙박시설,229988.69,관광호텔업
55,폐업,,루체르니 관광호텔,관광숙박업,,,,0.0,0.0,0.0,,,0.0,
56,폐업,서울특별시 도봉구 도봉로 511 (쌍문동),소피아관광호텔,관광숙박업,203088.529020092,460968.27605232,,4.0,2.0,51.0,,,,관광호텔업
57,폐업,"서울특별시 강서구 마곡중앙5로 22, 지하1층, 지상10층 (마곡동)",웰튼메디컬호스텔,관광숙박업,184496.437996802,451677.575370424,,12.0,5.0,0.0,,,1295.13,호스텔업
58,폐업,서울특별시 관악구 신림로64길 28 (신림동),나이스타임 관광호텔,관광숙박업,193854.011442373,442535.270597645,상업지역,9.0,2.0,60.0,유흥업소밀집지역,숙박시설,3266.84,관광호텔업
59,폐업,"서울특별시 관악구 관천로 64 (신림동, 스팅)",스팅,관광숙박업,193345.76981132,442537.259064514,준주거지역,10.0,1.0,32.0,기타,숙박시설,745.4,호스텔업
60,폐업,서울특별시 관악구 신림로65길 16-4 (신림동),스트디오93,관광숙박업,193620.500955237,442568.3947366,일반상업지역,11.0,1.0,18.0,유흥업소밀집지역,숙박시설,572.88,호스텔업
61,폐업,"서울특별시 관악구 남부순환로 1590-15, 알빈 (신림동)",알빈,관광숙박업,193541.791802821,442348.649209286,일반상업지역,11.0,1.0,36.0,유흥업소밀집지역,숙박시설,999.08,호스텔업
62,폐업,서울특별시 동대문구 장한로2길 48 (장안동),디 에블린,관광숙박업,205893.996035479,451049.960154453,일반상업지역,0.0,2.0,101.0,,,6176.72,관광호텔업
63,폐업,서울특별시 동대문구 천호대로83길 98 (장안동),BORJOMI  BOUTIQUE  SEOUL,관광숙박업,205852.292590362,451534.523558603,일반주거지역,7.0,2.0,36.0,,숙박시설,1912.64,관광호텔업
64,폐업,서울특별시 동대문구 왕산로 192-2 (전농동),K City Hotel,관광숙박업,203871.556031453,453032.727623015,일반상업지역,7.0,2.0,60.0,기타,숙박시설,3575.03,관광호텔업
65,폐업,서울특별시 동대문구 왕산로 22 (신설동),라마다앙코르 동대문지점,관광숙박업,202233.604900045,452654.5266264,일반상업지역,20.0,6.0,332.0,,숙박시설,11588.89,관광호텔업
66,폐업,"서울특별시 강남구 학동로 141 (논현동, 호텔G)",호텔 G,관광숙박업,202253.771265692,445646.871803817,일반주거지역,5.0,1.0,0.0,학교정화(절대),호텔,2064.14,관광호텔업
67,폐업,서울특별시 강남구 논현로 561 (역삼동),베네치아 관광호텔,관광숙박업,202926.269503869,444872.917702388,일반주거지역,6.0,1.0,0.0,기타,호텔,2137.27,
68,폐업,서울특별시 강남구 언주로 547 (역삼동),케이팝호텔,관광숙박업,203468.913964504,444937.661021993,일반상업지역,14.0,6.0,0.0,주택가주변,호텔,13593.54,
69,폐업,서울특별시 강남구 봉은사로 223 (논현동),글래드 라이브,관광숙박업,203163.37,445134.235,일반상업지역,19.0,5.0,210.0,,호텔,16592.44,관광호텔업
70,폐업,서울특별시 강남구 테헤란로37길 13-13 (역삼동),녹스부띠끄관광호텔,관광숙박업,203444.744001988,444499.100403656,일반상업지역,12.0,3.0,0.0,유흥업소밀집지역,호텔,2785.91,
71,폐업,서울특별시 강남구 선릉로90길 46 (대치동),제이비스호텔,관광숙박업,204608.135,444745.055,상업지역,9.0,1.0,0.0,유흥업소밀집지역,숙박시설,1895.83,
72,폐업,서울특별시 광진구 광나루로30길 3 (구의동),호텔스타건대,관광숙박업,207216.442577009,449187.009010753,일반주거지역,5.0,1.0,39.0,,숙박시설,1535.16,관광호텔업
73,폐업,서울특별시 동대문구 장한로 110 (장안동),(주)경남관광호텔,관광숙박업,206199.953197537,451997.934849601,,10.0,2.0,80.0,,,12865.06,관광호텔업
74,폐업,서울특별시 동대문구 답십리로1길 39-5 (전농동),부림관광호텔,관광숙박업,203897.922953036,453018.913708542,일반상업지역,8.0,1.0,54.0,,호텔,3144.88,관광호텔업
75,폐업,서울특별시 동대문구 장한로 96  (장안동),알프스관광호텔,관광숙박업,206117.295011037,451867.005076753,,8.0,2.0,0.0,,,0.0,
76,폐업,서울특별시 동대문구 한천로24길 77 (장안동),동경호텔,관광숙박업,206023.596450826,451871.050539863,일반상업지역,7.0,1.0,60.0,,숙박시설,3249.75,관광호텔업
77,폐업,서울특별시 동대문구 천호대로 377 (장안동),골든씨티호텔,관광숙박업,205320.396297203,451122.642371749,,14.0,2.0,116.0,,숙박시설,4681.86,관광호텔업
78,폐업,서울특별시 광진구 아차산로78길 147 (광장동),한강관광호텔,관광숙박업,209602.113978282,449468.709626347,,0.0,0.0,0.0,,,0.0,관광호텔업
79,폐업,서울특별시 동대문구 천호대로 257  (답십리동),시티팔레스호텔,관광숙박업,204400.365537226,451854.716617007,,0.0,0.0,0.0,,,0.0,
80,폐업,,(주)워커힐,관광숙박업,,,,0.0,0.0,0.0,,,0.0,
81,폐업,서울특별시 광진구 아차산로78길 147 (광장동),한강관광호텔,관광숙박업,209602.113978282,449468.709626347,,5.0,3.0,116.0,,호텔,16289.85,관광호텔업
82,폐업,서울특별시 동대문구 회기로 188-5 (휘경동),드웰동대문(dwell Dongdaemun),관광숙박업,204945.801764162,454123.219581534,준주거지역,10.0,2.0,117.0,,숙박시설,4471.0,호스텔업
83,폐업,서울특별시 강서구 곰달래로 72 (화곡동),호텔 타워,관광숙박업,185863.097607353,447532.962112156,상업지역,8.0,1.0,57.0,유흥업소밀집지역,숙박시설,3356.54,관광호텔업
84,폐업,"서울특별시 강서구 곰달래로 108 (화곡동,외 2필지)",호텔에스,관광숙박업,186202.178143443,447567.06883048,,10.0,3.0,88.0,,,6450.74,관광호텔업
85,폐업,"서울특별시 강남구 봉은사로 120 (역삼동, 호텔 리츠칼튼 서울)",르 메르디앙 서울 호텔,관광숙박업,202299.611121179,444739.274032656,,17.0,7.0,336.0,,호텔,60566.75,관광호텔업
86,폐업,"서울특별시 강서구 방화대로 94 (외발산동, 메이필드 스위트호텔)",메이필드 스위트호텔,관광숙박업,183863.692502412,449443.610735042,,0.0,0.0,31.0,,,2866.56,가족호텔업
87,폐업,서울특별시 강남구 압구정로79길 76  (청담동),호텔프리마Ⅱ,관광숙박업,204674.246980043,447041.788168808,,10.0,2.0,0.0,,호텔,5547.38,
88,폐업,"서울특별시 강남구 봉은사로 410 (삼성동, 라마다서울호텔)",라미드 호텔(RAMID HOTEL),관광숙박업,203943.258999722,445342.390544546,,12.0,3.0,0.0,,호텔,28421.75,
89,폐업,"서울특별시 강남구 봉은사로 459 (삼성동, 자이언트관광호텔)",자이안트,관광숙박업,204324.263443033,445580.187539001,주거지역,6.0,2.0,52.0,기타,숙박시설,5044.38,관광호텔업
90,폐업,"서울특별시 강남구 테헤란로 237 (역삼동, 삼부오피스빌딩)",벨레상스 서울 호텔,관광숙박업,203599.062771687,444556.062267296,,24.0,2.0,0.0,,호텔,72205.69,
91,폐업,"서울특별시 강남구 도산대로 536, 프리마호텔 (청담동)",프리마관광호텔,관광숙박업,204549.998846316,446895.028902481,,9.0,4.0,0.0,,호텔,15637.24,
92,폐업,"서울특별시 강남구 테헤란로63길 9 (삼성동, 그린그래스관광호텔)",그린그래스관광호텔,관광숙박업,204369.881017555,444844.447866296,상업지역,10.0,3.0,0.0,기타,호텔,8360.61,
93,폐업,"서울특별시 강남구 봉은사로 125 (논현동, 다이내스티관광호텔)",다이내스티관광호텔,관광숙박업,202355.753693054,444839.725721091,,0.0,0.0,0.0,,,5682.6,
94,폐업,"서울특별시 강남구 도산대로 551 (청담동, 엘루이호텔)",호텔엘루이,관광숙박업,204727.226766126,447092.815391301,,13.0,5.0,0.0,,호텔,17318.29,
95,폐업,"서울특별시 강남구 봉은사로 130 (역삼동, 노보텔 앰배서더 강남 서울)",노보텔앰버서더강남,관광숙박업,202482.701418444,444787.812950605,,16.0,6.0,0.0,,호텔,41813.27,
96,폐업,"서울특별시 강남구 도산대로 144 (논현동, 영동관광호텔)",영동관광호텔,관광숙박업,202108.433846703,446160.618240423,,0.0,0.0,0.0,,,7921.25,
97,폐업,서울특별시 강남구 압구정로 206  (신사동),팝그린 관광호텔,관광숙박업,202545.595431159,447231.954885143,주거지역,5.0,2.0,0.0,기타,호텔,5297.78,
98,폐업,서울특별시 강남구 도산대로 549  (청담동),블루펄관광호텔,관광숙박업,204690.660161464,447075.512360873,,10.0,2.0,0.0,,,4997.88,
99,폐업,서울특별시 강서구 월정로20길 56 (화곡동),레인보우 관광호텔,관광숙박업,185926.230742895,447510.515881586,,11.0,1.0,0.0,,,3783.65,관광호텔업
100,폐업,서울특별시 강서구 공항대로 518 (등촌동),스탠다드호텔,관광숙박업,187875.483372424,449872.25932155,준주거지역,11.0,3.0,50.0,기타,호텔,2913.08,관광호텔업
101,폐업,서울특별시 중구 다동길 30 (다동),에이퍼스트호텔명동,관광숙박업,198260.880732247,451708.909162308,,0.0,0.0,0.0,,,6313.74,관광호텔업
102,폐업,"서울특별시 중구 퇴계로 329, 3~6층 (광희동2가)",서울호스텔,관광숙박업,200647.159357664,451357.621131056,,0.0,0.0,15.0,,,313.28,호스텔업
103,폐업,"서울특별시 중구 퇴계로 52 (회현동1가, 인송빌딩)",티마크그랜드호텔명동,관광숙박업,198043.635511275,450686.849956646,,0.0,0.0,576.0,,,27174.04,관광호텔업
104,폐업,"서울특별시 중구 수표로6길 33, 2-5층 (충무로3가)",아트뷰호텔,관광숙박업,199245.264836491,451184.789734499,,0.0,0.0,23.0,,,363.57,호스텔업
105,폐업,"서울특별시 영등포구 버드나루로 23 (영등포동2가, 도도관광호텔)",도도관광호텔,관광숙박업,192165.93453037,446508.000792709,,0.0,0.0,55.0,,,4357.06,관광호텔업
106,폐업,서울특별시 송파구 오금로11길 29-5 (방이동),IM HOTEL,관광숙박업,209681.364622247,445914.984531881,,5.0,1.0,20.0,,,559.0,소형호텔업
107,폐업,서울특별시 송파구 백제고분로7길 23-6 (잠실동),호텔포레스타1호점,관광숙박업,207148.374688088,445418.562120928,,13.0,1.0,53.0,,,1996.0,관광호텔업
108,폐업,,HOTEL BELUGA,관광숙박업,208684.121024333,444900.075661195,,0.0,0.0,0.0,,,0.0,
109,폐업,서울특별시 송파구 위례성대로 10  (방이동),올림피아나 관광호텔,관광숙박업,209966.124550614,446059.613892034,,0.0,0.0,0.0,,,0.0,
110,폐업,서울특별시 송파구 위례성대로 10  (방이동),올림피아나관광호텔,관광숙박업,209966.124550614,446059.613892034,일반상업지역,7.0,3.0,0.0,,,6641.46,
111,폐업,서울특별시 송파구 백제고분로51길 23 (방이동),필름 37.2,관광숙박업,209906.961485974,446035.154945848,일반상업지역,7.0,5.0,83.0,,,6976.0,관광호텔업
112,폐업,서울특별시 영등포구 은행로 62 (여의도동),여의도 관광호텔,관광숙박업,193321.88651945,447552.076521358,,0.0,0.0,107.0,,,5619.46,관광호텔업
113,폐업,서울특별시 영등포구 선유동2로 72  (당산동5가),영등포관광호텔,관광숙박업,190981.422688886,448051.590520012,,0.0,0.0,0.0,,,0.0,
114,폐업,서울특별시 영등포구 버드나루로 74 (영등포동7가),영등포 칸 관광호텔,관광숙박업,191969.784420726,446983.129753485,,17.0,3.0,59.0,,호텔,3469.8,관광호텔업
115,폐업,서울특별시 영등포구 양평로28길 11 (양평동6가),토브 호텔 앤 레지던스,관광숙박업,190256.76581931,448739.129269078,준공업지역,12.0,2.0,149.0,학교정화(상대),호텔,7817.08,가족호텔업
116,폐업,서울특별시 성동구 성수이로 96 (성수동2가),호텔 포코(POCO),관광숙박업,204971.645551467,449023.019693526,준공업지역,11.0,2.0,80.0,기타,호텔,3177.53,관광호텔업
117,폐업,서울특별시 성동구 천호대로 302 (용답동),호텔 이노스테이,관광숙박업,204679.563699077,451488.295399038,준주거지역,6.0,1.0,54.0,기타,숙박시설,3454.0,관광호텔업
118,폐업,"서울특별시 종로구 종로 382, 2층 (숭인동)",호스텔코리아 10호점,관광숙박업,201687.573879734,452408.346754198,일반상업지역,0.0,0.0,9.0,,,235.14,호스텔업
119,폐업,서울특별시 종로구 삼일대로17길 8 (관철동),24게스트하우스 인사동,관광숙박업,198797.140043517,451887.51214766,녹지지역,5.0,2.0,25.0,,,446.49,호스텔업
120,폐업,서울특별시 종로구 율곡로 164 (원남동),고궁호텔,관광숙박업,199642.716240024,452606.614384676,일반상업지역,7.0,2.0,58.0,학교정화(상대),호텔,2704.0,관광호텔업
121,폐업,서울특별시 은평구 통일로 863-24 (갈현동),타오 호텔,관광숙박업,192824.052598114,457573.821408994,일반상업지역,5.0,1.0,0.0,,숙박시설,987.47,소형호텔업
122,폐업,서울특별시 은평구 연서로28길 21-1 (대조동),폼호텔,관광숙박업,193057.462427303,457194.965351596,,0.0,0.0,0.0,,,1189.06,관광호텔업
123,폐업,서울특별시 중구 퇴계로 176 (남학동),아스토리아호텔,관광숙박업,199161.680844774,450949.674631487,,0.0,0.0,0.0,,,4170.0,관광호텔업
124,폐업,서울특별시 용산구 녹사평대로 140 (이태원동),크라운관광호텔,관광숙박업,199118.176847228,447688.4883026,일반주거지역,7.0,1.0,203.0,,호텔,2452.17,관광호텔업
125,폐업,서울특별시 중구 동호로 343 (오장동),서울 엔 호스텔,관광숙박업,200114.588886239,451412.287586053,일반상업지역,0.0,0.0,20.0,,,401.22,호스텔업
126,폐업,서울특별시 영등포구 국회대로68길 24  (여의도동),(주)래도호텔엔티마,관광숙박업,192866.856097244,447341.334688661,,0.0,0.0,0.0,,,0.0,
127,폐업,서울특별시 영등포구 국회대로68길 24  (여의도동),호텔 엔티마,관광숙박업,192866.856097244,447341.334688661,,0.0,0.0,0.0,,,0.0,
128,폐업,"서울특별시 영등포구 경인로108길 14 (영등포동1가, 레인보우 관광호텔)",R 호텔,관광숙박업,192151.220183716,446113.281907896,상업지역,13.0,3.0,92.0,기타,숙박시설,5827.26,관광호텔업
129,폐업,"서울특별시 종로구 난계로29길 55 (숭인동, 베니키아호텔동대문)",베니키아 프리미어 호텔 동대문,관광숙박업,201712.855210767,452371.734482943,상업지역,18.0,3.0,237.0,,,9928.87,관광호텔업
130,폐업,서울특별시 중구 퇴계로6길 3-6 (회현동1가),플로라호텔 남산씨티,관광숙박업,198043.49823516,450616.474794295,준주거지역,6.0,2.0,60.0,학교정화(상대),호텔,2574.87,관광호텔업
131,폐업,"서울특별시 종로구 청계천로 229, 7층 (종로5가)",미오하우스,관광숙박업,200199.528812856,451980.604036907,,7.0,0.0,10.0,,,400.25,호스텔업
132,폐업,서울특별시 용산구 우사단로14길 11 (이태원동),I.T.W호텔,관광숙박업,199602.998335774,448000.622353627,일반상업지역,7.0,2.0,71.0,기타,숙박시설,2796.53,관광호텔업
133,폐업,서울특별시 용산구 한강대로71길 24 (갈월동),호텔 엘르인,관광숙박업,197473.035834572,448684.316361498,일반상업지역,13.0,2.0,54.0,기타,숙박시설,290.65,관광호텔업
134,폐업,,서울,관광숙박업,,,,8.0,2.0,0.0,,,5358.27,
135,폐업,,(주)올림피아스위트,관광숙박업,197949.002174181,456478.436790904,,0.0,0.0,0.0,,,0.0,
136,폐업,서울특별시 종로구 율곡로 176  (원남동),비원관광호텔,관광숙박업,199775.901529928,452592.4422331,,13.0,2.0,0.0,,,0.0,
137,폐업,서울특별시 종로구 율곡로10길 12 (와룡동),Stay in GAM,관광숙박업,199119.675907849,452732.545380767,상업지역,5.0,1.0,15.0,학교정화(상대),근린생활시설,423.76,호스텔업
138,폐업,,전풍관광호텔,관광숙박업,,,일반상업지역,6.0,1.0,0.0,주택가주변,호텔,2303.0,
139,폐업,서울특별시 성북구 보문로 78 (보문동4가),브라운 관광호텔,관광숙박업,201810.388914346,453337.054032254,일반주거지역,6.0,1.0,50.0,,호텔,2695.67,
140,폐업,"서울특별시 종로구 율곡로10길 105, 5층 (봉익동, 디아망 쥬얼리)",24 게스트하우스 종로3가,관광숙박업,199243.960959498,452293.899531079,일반상업지역,5.0,0.0,16.0,,숙박시설,247.13,호스텔업
141,폐업,서울특별시 종로구 우정국로 46 (견지동),(주)아워홈 아벤트리호텔 종로점,관광숙박업,198469.85451949,452315.746209246,일반상업지역,11.0,1.0,155.0,기타,호텔,6086.66,관광호텔업
142,폐업,"서울특별시 성북구 동소문로20나길 33 (동선동1가, 리비에르 호텔)",리비에르,관광숙박업,201545.340113369,454475.241423262,,12.0,2.0,69.0,,,3158.0,관광호텔업
143,폐업,서울특별시 성북구 종암로 123 (종암동),홀리데이 인 서울 성북,관광숙박업,202859.062438797,455408.348757444,준주거지역,10.0,3.0,128.0,,호텔,10065.75,
144,폐업,"서울특별시 종로구 율곡로4길 11-3, 1층 (견지동)",아름호스텔,관광숙박업,198354.893145135,452526.073191496,일반상업지역,1.0,0.0,6.0,,,79.0,호스텔업
145,폐업,서울특별시 종로구 삼일대로32가길 38 (익선동),Hostel STAY NOW,관광숙박업,199022.300982384,452472.976006603,일반상업지역,9.0,1.0,20.0,학교정화(상대),숙박시설,547.0,호스텔업
146,폐업,서울특별시 종로구 창경궁로 106 (인의동),라마다 서울 종로,관광숙박업,199764.69151091,452177.255224359,일반상업지역,12.0,5.0,139.0,,숙박시설,9968.21,관광호텔업
147,폐업,서울특별시 중구 동호로 354 (을지로5가),라마다호텔 동대문,관광숙박업,200161.192418006,451521.415517111,,12.0,4.0,0.0,,,11378.0,관광호텔업
148,폐업,서울특별시 중구 남대문로5길 21 (북창동),신신호텔1,관광숙박업,198067.276635677,451115.055200121,,11.0,2.0,0.0,,,1233.29,
149,폐업,서울특별시 중구 세종대로22길 12 (태평로1가),뉴국제호텔,관광숙박업,197984.6447186,451739.947695781,,0.0,0.0,142.0,,,8814.0,관광호텔업
150,폐업,서울특별시 중구 을지로38길 20  (을지로5가),뉴천지,관광숙박업,200225.983119633,451511.262755282,,0.0,0.0,0.0,,,4665.0,
151,폐업,서울특별시 은평구 통일로 816 (불광동),프라임인서울호텔,관광숙박업,193216.526377146,457169.626220368,,8.0,1.0,0.0,,,5203.5,관광호텔업
152,폐업,서울특별시 중구 충무로 15 (충무로3가),티마크호텔명동,관광숙박업,199273.815368546,451144.90452668,,13.0,4.0,288.0,,,14965.47,관광호텔업
153,폐업,서울특별시 중구 을지로 280-2 (을지로7가),24게스트하우스동대문,관광숙박업,200730.296204033,451454.338715818,일반상업지역,6.0,0.0,26.0,학교정화(상대),호텔,605.09,호스텔업
154,폐업,"서울특별시 성동구 고산자로 277 (도선동, 비전호텔)",비젼관광호텔,관광숙박업,203096.157766782,451352.80812697,일반상업지역,8.0,1.0,64.0,기타,숙박시설,2499.06,관광호텔업
155,폐업,서울특별시 중구 퇴계로14길 1 (회현동3가),뉴오리엔탈관광호텔,관광숙박업,198491.235028989,450895.855106921,,0.0,0.0,65.0,,,3252.0,관광호텔업
156,폐업,서울특별시 중구 소월로 50 (남대문로5가),(주)씨디엘호텔코리아(밀레니엄 힐튼 서울),관광숙박업,197762.501510022,450337.580626313,,0.0,0.0,680.0,,,82856.0,관광호텔업
157,폐업,서울특별시 중구 퇴계로8길 13 (회현동1가),호텔 파레스,관광숙박업,198164.258357664,450703.59926523,준주거지역,8.0,1.0,52.0,기타,호텔,2772.84,관광호텔업
158,폐업,서울특별시 중구 충무로9길 20 (을지로3가),스타즈호텔 명동1호점,관광숙박업,199172.465802722,451638.530759379,일반상업지역,10.0,4.0,150.0,,호텔,7945.98,관광호텔업
159,폐업,,호텔미라보,관광숙박업,194849.138479032,450512.155519127,일반주거지역,0.0,0.0,0.0,,,0.0,
160,폐업,서울특별시 종로구 삼일대로32길 46 (익선동),JONGRO ALICE,관광숙박업,199003.460155451,452574.992954032,일반상업지역,5.0,0.0,8.0,학교정화(상대),숙박시설,278.43,호스텔업
161,영업중,"서울특별시 종로구 인사동7길 26, 호텔 썬비 (관훈동)",호텔 썬비,관광숙박업,198586.86523867,452307.07147577,일반상업지역,9.0,1.0,42.0,기타,호텔,2070.85,관광호텔업
162,영업중,서울특별시 중구 퇴계로8길 31-9 (회현동1가),루미아 호텔,관광숙박업,198142.881185174,450638.810478052,준주거지역,5.0,1.0,34.0,학교정화(상대),호텔,956.48,호스텔업
163,영업중,서울특별시 중구 장충단로 226 (광희동2가),소테츠호텔즈 더 스프라지르 서울 동대문,관광숙박업,200614.724711748,451381.249500534,일반상업지역,21.0,4.0,215.0,,호텔,12562.85,관광호텔업
164,영업중,서울특별시 중구 명동8가길 53 (충무로2가),호텔 크레토,관광숙박업,198877.823601669,451079.561839622,중심상업지역,9.0,1.0,35.0,학교정화(상대),,1377.07,관광호텔업
165,영업중,"서울특별시 중구 퇴계로 61, 10층 (남창동)",24게스트하우스 명동타운점,관광숙박업,198065.845616529,450787.39677054,일반상업지역,10.0,0.0,11.0,,,267.23,호스텔업
166,영업중,서울특별시 중구 퇴계로 306 (쌍림동),호텔 더 디자이너스 동대문,관광숙박업,200429.929353714,451264.595792065,,17.0,3.0,99.0,,,4804.48,관광호텔업
167,영업중,"서울특별시 중구 명동8길 27 (명동2가, 엠 플라자)",솔라리아 니시테츠 호텔 서울 명동,관광숙박업,198619.38819773,451135.740279961,중심상업지역,0.0,0.0,312.0,학교정화(상대),호텔,12388.79,관광호텔업
168,영업중,"서울특별시 중구 덕수궁길 7, 3층 (태평로2가, 오천회관빌딩)",24게스트하우스 서울시청점,관광숙박업,197838.506308443,451380.770303032,일반주거지역,3.0,0.0,11.0,,,357.77,호스텔업
169,영업중,"서울특별시 중구 명동9길 16 (명동1가, 명동 센트럴빌딩 호텔스카이파크)",호텔 스카이파크 센트럴 명동점,관광숙박업,198625.254251263,451373.686002948,중심상업지역,16.0,7.0,312.0,,,18585.89,관광호텔업
170,영업중,"서울특별시 중구 동호로35길 5 (을지로5가, 석광빌딩)",에이큐브 호텔,관광숙박업,200110.335302043,451549.054429182,,8.0,2.0,43.0,,,2387.18,관광호텔업
171,영업중,"서울특별시 중구 남대문로7길 19 (소공동, 삼영빌딩)",크라운파크 호텔,관광숙박업,198232.003862907,451276.307297241,,16.0,2.0,204.0,,,9940.25,관광호텔업
172,영업중,서울특별시 중구 남대문로5길 15 (북창동),소테츠호텔즈 더 스프라지르 서울 명동,관광숙박업,198053.638327649,451086.299785656,,17.0,5.0,428.0,,,18598.8,관광호텔업
173,영업중,"서울특별시 중구 청계천로 184 (주교동, 남강빌딩)",2U호스텔,관광숙박업,199770.377675687,451814.600448477,,0.0,0.0,20.0,,,358.02,호스텔업
174,영업중,"서울특별시 중구 삼일대로 362 (장교동, 장교빌딩)",롯데시티호텔명동,관광숙박업,198876.925292257,451628.15318809,,25.0,5.0,435.0,,,25333.62,관광호텔업
175,영업중,서울특별시 중구 퇴계로 139 (충무로2가),호텔 스카이파크3,관광숙박업,198814.884440598,451003.686958642,중심상업지역,9.0,2.0,136.0,,호텔,5866.0,관광호텔업
176,영업중,서울특별시 서대문구 연세로2가길 3 (창천동),신촌라싸 관광호텔,관광숙박업,194391.16958802,450428.281096865,일반상업지역,13.0,2.0,41.0,기타,숙박시설,1785.96,관광호텔업
177,영업중,"서울특별시 서대문구 명물길 19, 8,9,10층 (창천동, 경오빌딩)",24게스트하우스 신촌에비뉴엘점,관광숙박업,194425.547743193,450629.487978481,일반주거지역,10.0,2.0,23.0,기타,근린생활시설,402.48,호스텔업
178,영업중,"서울특별시 서초구 강남대로107길 6 (잠원동, 더리버사이드호텔)",더리버사이드호텔,관광숙박업,201530.475526772,446268.294338007,일반상업지역,13.0,3.0,109.0,,호텔,30216.57,관광호텔업
179,영업중,"서울특별시 서초구 나루터로 64, 호텔티롤 (잠원동)",호텔티롤,관광숙박업,201428.517596116,445869.951055925,일반상업지역,9.0,4.0,83.0,기타,호텔,7518.78,관광호텔업
180,영업중,서울특별시 서초구 반포대로12길 29 (서초동),유원관광호텔,관광숙박업,201066.818606401,442553.417053589,일반상업지역,10.0,2.0,71.0,기타,호텔,4983.12,관광호텔업
181,영업중,서울특별시 서초구 반포대로14길 53 (서초동),호텔 소설(小雪),관광숙박업,201151.028822729,442683.649804365,상업지역,12.0,2.0,52.0,유흥업소밀집지역,호텔,3660.0,관광호텔업
182,영업중,서울특별시 서초구 강남대로 259 (서초동),호텔 페이토,관광숙박업,202811.357664681,442727.748435057,일반상업지역,19.0,4.0,186.0,학교정화(상대),호텔,8996.0,관광호텔업
183,영업중,서울특별시 서초구 효령로 427 (서초동),신라스테이 서초,관광숙박업,202594.604971816,443029.088344854,,0.0,0.0,0.0,,,17684.0,관광호텔업
184,영업중,"서울특별시 서초구 서초대로56길 18, 업플로 호스텔 (서초동)",업플로 호스텔,관광숙박업,201434.03210615,443506.579876212,일반상업지역,5.0,1.0,23.0,기타,숙박시설,1171.86,호스텔업
185,영업중,서울특별시 서초구 서초대로 338 (서초동),프로비스타 가족호텔,관광숙박업,201577.653343873,443623.599964173,일반상업지역,15.0,3.0,79.0,유흥업소밀집지역,호텔,6375.0,가족호텔업
186,영업중,서울특별시 송파구 올림픽로 240 (잠실동),호텔롯데 롯데호텔월드,관광숙박업,208589.363343145,445455.90405262,준주거지역,33.0,3.0,477.0,기타,숙박시설,95611.39,관광호텔업
187,영업중,서울특별시 서초구 신반포로 176 (반포동),JW메리어트호텔 서울,관광숙박업,200250.447804795,444683.220506107,일반상업지역,32.0,5.0,379.0,기타,근린생활시설,52653.0,관광호텔업
188,영업중,서울특별시 중구 퇴계로20길 35 (남산동2가),자자백팩커스,관광숙박업,198730.397072346,450725.563076072,일반주거지역,4.0,1.0,20.0,,,607.64,호스텔업
189,영업중,"서울특별시 송파구 송파대로20길 6 (문정동, 메리제인호텔)",메리제인호텔,관광숙박업,210857.025715606,442611.394350958,일반주거지역,8.0,2.0,29.0,기타,호텔,996.15,소형호텔업
190,영업중,서울특별시 마포구 월드컵북로5길 41 (서교동),크리에이터타운 서교,관광숙박업,192579.727675563,450446.890829184,일반주거지역,7.0,3.0,296.0,,,13942.06,관광호텔업
191,영업중,"서울특별시 영등포구 국회대로72길 7, 컴포트 인 여의도 (여의도동)",컴포트 인 여의도,관광숙박업,192899.064795934,447567.13830193,,10.0,2.0,71.0,,,4344.84,관광호텔업
192,영업중,서울특별시 중랑구 망우로52길 28 (상봉동),메이관광호텔,관광숙박업,207875.674530468,454873.610188721,일반상업지역,8.0,1.0,49.0,,호텔,3550.15,관광호텔업
193,영업중,서울특별시 중랑구 동일로 866 (묵동),드씨엘관광호텔,관광숙박업,206879.187709228,456164.316640469,,9.0,2.0,60.0,,,3213.91,관광호텔업
194,영업중,서울특별시 관악구 신림동3길 13-8 (신림동),상지,관광숙박업,193553.030136586,442745.098221121,일반상업지역,10.0,1.0,21.0,,호텔,581.76,호스텔업
195,영업중,서울특별시 은평구 통일로 891 (갈현동),호텔디아티스트 연신내점,관광숙박업,192817.322848018,457796.737235427,,9.0,2.0,0.0,,,2213.15,관광호텔업
196,영업중,"서울특별시 강남구 영동대로 618, 호텔인나인 (삼성동)",호텔 인 나인,관광숙박업,205230.860541362,445942.050995741,일반상업지역,19.0,4.0,0.0,기타,숙박시설,0.0,관광호텔업
197,영업중,서울특별시 영등포구 신길로33길 20 (신길동),STOWER HOSTEL,관광숙박업,191851.193004066,444816.908814418,근린상업지역,11.0,2.0,27.0,,,861.9,호스텔업
198,영업중,"서울특별시 금천구 시흥대로 315, 금천롯데캐슬골드파크4차 (독산동)",엠디호텔 독산,관광숙박업,190799.832998673,439885.941303087,준주거지역,15.0,3.0,258.0,,,14668.02,관광호텔업
199,영업중,"서울특별시 서대문구 이화여대1안길 13, 2~8층 (대현동)",이화블로섬하우스,관광숙박업,195013.650484425,450588.358613375,일반상업지역,8.0,1.0,24.0,기타,숙박시설,609.32,호스텔업
200,영업중,"서울특별시 강남구 도산대로 419, 4층층 (청담동)",호텔리베라 아노블리,관광숙박업,203610.123149101,446848.654294053,일반주거지역,4.0,0.0,30.0,학교정화(상대),숙박시설,2892.85,가족호텔업
201,영업중,"서울특별시 강남구 논현로 854, 안다즈서울강남 (신사동)",안다즈 서울 강남,관광숙박업,202482.216634599,447020.420866992,일반주거지역,17.0,5.0,0.0,주택가주변,호텔,36111.54,관광호텔업
202,영업중,서울특별시 영등포구 국회대로36길 2-1 (당산동3가),이도,관광숙박업,190915.92259099,447210.304167445,준공업지역,8.0,1.0,27.0,학교정화(상대),,673.47,호스텔업
203,영업중,서울특별시 송파구 올림픽로12길 4-17 (잠실동),호텔 더 캐슬(신천),관광숙박업,207163.343016332,445433.784924234,상업지역,16.0,2.0,68.0,유흥업소밀집지역,호텔,2983.46,관광호텔업
204,영업중,"서울특별시 중구 명동길 55, 11층 (명동1가)",서울 라이트 인 명동,관광숙박업,198636.142124311,451325.229841133,,15.0,2.0,23.0,,,505.98,호스텔업
205,영업중,"서울특별시 중구 퇴계로18길 43, 지하1,1,2층 (남산동2가)",오요5,관광숙박업,198591.133748202,450740.353160129,일반주거지역,2.0,1.0,20.0,학교정화(상대),,610.66,호스텔업
206,영업중,서울특별시 도봉구 도봉로117길 8-6 (쌍문동),그린홈 호스텔,관광숙박업,202993.699335477,460811.193026879,일반상업지역,10.0,1.0,24.0,,숙박시설,527.37,호스텔업
207,영업중,서울특별시 구로구 남부순환로105길 20 (가리봉동),한중레지던스,관광숙박업,190337.689631891,441911.257105979,준공업지역,9.0,2.0,36.0,기타,숙박시설,829.4,호스텔업
208,영업중,서울특별시 종로구 인사동길 49 (관훈동),나인트리 바이 파르나스 서울 인사동,관광숙박업,198498.918632911,452473.403750001,일반상업지역,13.0,4.0,301.0,,숙박시설,22134.77,관광호텔업
209,영업중,서울특별시 중랑구 망우로 232 (상봉동),라코지스테이서울,관광숙박업,206859.514743746,454661.814438348,,15.0,1.0,68.0,,,4129.86,가족호텔업
210,영업중,"서울특별시 강남구 도산대로 144, 보코서울강남(가족호텔) (논현동)",보코 서울 강남,관광숙박업,202108.433846703,446160.618240423,일반주거지역,15.0,3.0,151.0,기타,숙박시설,10426.44,가족호텔업
211,영업중,"서울특별시 종로구 삼봉로 48, 라이나타워 (청진동)",바랑재,관광숙박업,198166.359660599,452193.22830404,관리지역,3.0,0.0,0.0,기타,숙박시설,2236.0,한국전통호텔업
212,영업중,"서울특별시 광진구 광장로 89, 2층 (광장동)",스테이42,관광숙박업,209375.068351656,449558.030455124,,0.0,0.0,7.0,,,163.0,호스텔업
213,영업중,서울특별시 중구 퇴계로2길 20 (남창동),케이팝 서울타워 호스텔,관광숙박업,197912.569432128,450501.826339044,일반주거지역,4.0,1.0,20.0,,,488.3,호스텔업
214,영업중,서울특별시 종로구 창경궁로 123-20 (인의동),이스트 아뜰리에,관광숙박업,199636.410863155,452376.667974027,일반상업지역,3.0,1.0,6.0,주택가주변,숙박시설,367.96,호스텔업
215,영업중,"서울특별시 중구 퇴계로18길 33 (1층,5층) (남산동2가)",오요6(OYO6),관광숙박업,198623.369754854,450781.146728928,일반주거지역,0.0,0.0,18.0,,,260.36,호스텔업
216,영업중,서울특별시 강서구 마곡중앙로 143 (마곡동),머큐어 서울 마곡,관광숙박업,184522.907834771,451531.924488537,일반상업지역,13.0,7.0,400.0,,호텔,33289.7,관광호텔업
217,영업중,"서울특별시 구로구 디지털로32다길 20-6, 1층 (구로동)",Nine RoD,관광숙박업,191039.582188916,442227.22816683,준공업지역,1.0,0.0,19.0,,근린생활시설,75.26,호스텔업
218,영업중,"서울특별시 종로구 지봉로 24-12, 5층 (숭인동)",U-STAY HOSTEL,관광숙박업,201365.396263672,452247.733898196,상업지역,0.0,0.0,6.0,기타,숙박시설,130.12,호스텔업
219,영업중,서울특별시 서대문구 신촌로 157 (대현동),화영호스텔,관광숙박업,194948.135636533,450516.885928437,상업지역,15.0,2.0,29.0,기타,호텔,773.4,호스텔업
220,영업중,서울특별시 용산구 이태원로26길 17-1 (이태원동),호스텔 펠라즈(Hostel Fellaz),관광숙박업,199369.871968405,447943.699776291,,3.0,1.0,0.0,,,282.47,호스텔업
221,영업중,"서울특별시 중구 을지로 255, 기승빌딩 10층 (을지로6가)",케이스타호텔,관광숙박업,200513.524528228,451579.099838143,상업지역,11.0,4.0,13.0,,,354.66,호스텔업
222,영업중,"서울특별시 구로구 디지털로19길 9, 가리봉 호스텔 (가리봉동)",가리봉 호스텔,관광숙박업,190189.036566337,442005.296573287,준공업지역,13.0,1.0,136.0,기타,호텔,3785.69,호스텔업
223,영업중,서울특별시 종로구 돈화문로11길 37 (낙원동),목시 서울 인사동 호텔,관광숙박업,198988.983646221,452223.097221066,일반상업지역,16.0,3.0,140.0,,숙박시설,5971.04,관광호텔업
224,영업중,"서울특별시 송파구 송이로 104, 관광호텔 (가락동)",부티크 호텔 XYM,관광숙박업,210664.369854452,443861.184407649,일반주거지역,7.0,2.0,29.0,주택가주변,호텔,971.0,소형호텔업
225,영업중,"서울특별시 서대문구 이화여대1안길 15, 4~8층 (대현동)",디케이하우스(DK HOUSE),관광숙박업,195004.191373545,450587.21669084,일반상업지역,8.0,0.0,8.0,기타,숙박시설,484.66,호스텔업
226,영업중,"서울특별시 구로구 남부순환로105다길 9-1, STUDIO 135 (가리봉동)",스튜디오 135 호스텔,관광숙박업,190288.461900752,441957.227369102,준공업지역,9.0,1.0,40.0,기타,호텔,997.25,호스텔업
227,영업중,"서울특별시 관악구 신림로65길 10-33, 삼화 (신림동)",삼화,관광숙박업,193621.587472621,442638.239212304,일반상업지역,12.0,1.0,49.0,,호텔,1077.84,호스텔업
228,영업중,서울특별시 은평구 진흥로 179 (대조동),포레스타호텔,관광숙박업,193699.928737406,456254.05836331,일반상업지역,19.0,3.0,0.0,기타,숙박시설,2658.86,관광호텔업
229,영업중,"서울특별시 종로구 율곡로 228, glue hotel (이화동)",글루호텔,관광숙박업,200280.218939597,452611.575936538,일반상업지역,13.0,2.0,54.0,학교정화(상대),숙박시설,1843.53,관광호텔업
230,영업중,서울특별시 영등포구 신길로 293 (영등포동1가),토요코인 서울영등포,관광숙박업,192147.071374183,446166.198579975,,18.0,3.0,375.0,,,9519.37,관광호텔업
231,영업중,서울특별시 영등포구 선유로23길 3 (양평동1가),가예,관광숙박업,190182.956236984,446740.003448997,,9.0,1.0,34.0,,,851.67,호스텔업
232,영업중,서울특별시 금천구 시흥대로56길 15 (시흥동),호텔 트리플8,관광숙박업,191301.371054373,438953.867911208,일반상업지역,10.0,1.0,40.0,,,982.8,호스텔업
233,영업중,서울특별시 금천구 범안로12길 29-29 (독산동),로즈데일 인 독산,관광숙박업,190517.410148318,440300.104174246,준공업지역,9.0,1.0,54.0,,숙박시설,998.44,호스텔업
234,영업중,"서울특별시 중구 소공로6나길 8, 1-2층 (회현동2가)",제이오너 호스텔,관광숙박업,198483.811641009,450642.314853297,일반주거지역,1.0,0.0,10.0,학교정화(상대),,212.22,호스텔업
235,영업중,"서울특별시 구로구 경인로 610, 코리아빌딩 (신도림동)",더링크호텔,관광숙박업,189661.489845947,444788.587049392,준주거지역,19.0,6.0,142.0,,숙박시설,45945.42,관광호텔업
236,영업중,서울특별시 중구 퇴계로 52 (회현동1가),보코 언 아이에이치지 호텔,관광숙박업,198043.635511275,450686.849956646,,19.0,2.0,576.0,,숙박시설,26667.09,관광호텔업
237,영업중,"서울특별시 용산구 양녕로 495, 스카이 스위트 (이촌동)",스카이 스위트,관광숙박업,196410.233494294,446549.862090232,자연녹지지역,3.0,0.0,1.0,기타,숙박시설,144.13,호스텔업
238,영업중,"서울특별시 서대문구 연세로2가길 4, 피엔에스호텔 (창천동)",메이븐호텔,관광숙박업,194417.265399993,450431.708419531,상업지역,10.0,1.0,31.0,기타,호텔,1573.18,관광호텔업
239,영업중,"서울특별시 중구 명동10길 23, 4층 (명동2가)",유스테이호스텔(U-STAY HOSTEL),관광숙박업,198662.601529757,451175.710664862,일반상업지역,4.0,0.0,24.0,,숙박시설,397.68,호스텔업
240,영업중,서울특별시 송파구 오금로11길 21-19 (방이동),오로시에 관광호텔,관광숙박업,209581.256815683,445953.572522606,,9.0,1.0,45.0,,,67.03,관광호텔업
241,영업중,"서울특별시 송파구 올림픽로32길 7, 호텔 더 캐슬 (방이동)",호텔 더 캐슬(방이1),관광숙박업,209573.702036723,445919.513434498,일반상업지역,16.0,2.0,63.0,유흥업소밀집지역,숙박시설,2806.76,관광호텔업
242,영업중,"서울특별시 서대문구 신촌로 141, 위고인호스텔 (대현동)",위고인,관광숙박업,194770.272306267,450529.307302535,일반상업지역,9.0,1.0,45.0,기타,숙박시설,1324.68,호스텔업
243,영업중,서울특별시 중구 을지로 224 (을지로5가),나인트리 바이 파르나스 서울 동대문,관광숙박업,200187.271400312,451592.158106036,상업지역,20.0,3.0,219.0,,,8871.73,관광호텔업
244,영업중,"서울특별시 강남구 영동대로 506, 유니온타 (삼성동)",신라스테이 삼성,관광숙박업,205513.023202982,445316.784823869,일반주거지역,19.0,4.0,309.0,기타,호텔,16847.01,관광호텔업
245,영업중,서울특별시 중구 남대문로 84 (남대문로2가),스탠포드호텔 명동,관광숙박업,198401.701305913,451374.312212737,중심상업지역,18.0,3.0,254.0,,,12099.72,관광호텔업
246,영업중,서울특별시 영등포구 선유로23길 4 (양평동1가),ROJIN(로진),관광숙박업,190171.844795511,446760.131273728,,11.0,3.0,97.0,,,2680.88,호스텔업
247,영업중,서울특별시 마포구 마포대로 67 (도화동),로이넷 호텔 서울 마포,관광숙박업,195359.808050656,448841.031803244,일반상업지역,24.0,4.0,341.0,학교정화(상대),숙박시설,20616.76,관광호텔업
248,영업중,"서울특별시 마포구 양화로 144, MERCURE 앰배서더 HOTEL 홍대 (동교동)",머큐어 앰배서더 서울 홍대,관광숙박업,193073.64466155,450341.82321403,근린상업지역,18.0,6.0,270.0,학교정화(상대),숙박시설,13665.81,관광호텔업
249,영업중,"서울특별시 광진구 동일로30길 52, 4, 5층 (화양동)",우드블랑 호스텔,관광숙박업,206136.313460939,449461.628618281,준주거지역,0.0,0.0,4.0,,숙박시설,227.79,호스텔업
250,영업중,서울특별시 중구 수표로 10 (충무로3가),스테이모드,관광숙박업,199095.113474444,451098.796818087,,4.0,0.0,0.0,,,0.0,호스텔업
251,영업중,"서울특별시 종로구 종로54길 32, 3~4층 (창신동)",247 HOSTEL SEOUL,관광숙박업,201161.5695658,452070.731182291,상업지역,4.0,1.0,0.0,기타,숙박시설,261.36,호스텔업
252,영업중,"서울특별시 종로구 종로8길 15, 3층 (관철동)",찰나 호스텔,관광숙박업,198527.201079961,451901.155059874,상업지역,6.0,1.0,0.0,기타,숙박시설,104.0,호스텔업
253,영업중,"서울특별시 종로구 종로 62-1, 4층 (종로2가)",스테이울림,관광숙박업,198549.377397696,451960.972726138,상업지역,6.0,2.0,0.0,기타,숙박시설,103.54,호스텔업
254,영업중,"서울특별시 중구 을지로38길 30, 지상2층~지상3층 (을지로5가)",미리네 스테이,관광숙박업,200212.624773672,451455.935226392,,4.0,0.0,2.0,,숙박시설,88.62,호스텔업
255,영업중,"서울특별시 중구 퇴계로63길 22, 지상2층~지상5층 (을지로7가)",스테이 쉼,관광숙박업,200710.77679721,451455.325218208,,5.0,1.0,0.0,,숙박시설,179.12,호스텔업
256,영업중,"서울특별시 중구 명동8길 8-11, 3층 (명동2가)",무드온 명동,관광숙박업,198513.571993372,451211.103380431,,0.0,0.0,0.0,,,0.0,호스텔업
257,영업중,"서울특별시 송파구 오금로11길 29-15, 호텔베네 롯데타워점 (방이동)",호텔베네 롯데타워점,관광숙박업,209664.305905648,445965.223882044,상업지역,15.0,3.0,0.0,,숙박시설,2896.12,관광호텔업
258,영업중,"서울특별시 종로구 종로 248-1, 5층 (종로5가)",편안정 종로5가점,관광숙박업,200401.722939568,452062.956830205,상업지역,6.0,1.0,0.0,기타,숙박시설,90.55,호스텔업
259,영업중,"서울특별시 종로구 종로 248-1, 2층 (종로5가)",스테이 도손 동대문점,관광숙박업,200401.722939568,452062.956830205,상업지역,6.0,1.0,0.0,기타,숙박시설,90.55,호스텔업
260,영업중,서울특별시 강남구 학동로3길 49 (논현동),하로스테이 신사,관광숙박업,201799.777259061,445833.24604916,주거지역,4.0,1.0,0.0,주택가주변,숙박시설,346.46,호스텔업
261,영업중,"서울특별시 강남구 강남대로 482, 3층 (논현동)",레이지타이거 HOSTEL,관광숙박업,202098.026747912,444801.432607191,주거지역,3.0,1.0,0.0,주택가주변,숙박시설,233.49,호스텔업
262,영업중,"서울특별시 종로구 종로54길 9-9, 2층 (창신동)",동대문 스테이가든,관광숙박업,201192.319848224,452214.352544411,일반상업지역,2.0,0.0,0.0,기타,숙박시설,226.08,호스텔업
263,영업중,"서울특별시 종로구 종로36나길 10-1, 4층 (종로5가)",유리니티,관광숙박업,200328.85058794,451973.845648666,일반상업지역,4.0,1.0,0.0,기타,숙박시설,64.0,호스텔업
264,영업중,서울특별시 중구 퇴계로20길 31 (남산동2가),더큐브 호텔,관광숙박업,198711.004408276,450729.70372038,,0.0,0.0,0.0,,,0.0,호스텔업
265,영업중,서울특별시 중구 퇴계로83길 10-22 (황학동),SINDANG GRAND JOY 호스텔,관광숙박업,201643.411062205,451532.973367955,,0.0,0.0,0.0,,,0.0,호스텔업
266,영업중,"서울특별시 종로구 율곡로 230-13, 온코리아 스테이 (충신동)",온코리아 스테이,관광숙박업,200297.411363988,452567.967939751,상업지역,5.0,1.0,0.0,,숙박시설,298.91,호스텔업
267,영업중,"서울특별시 종로구 종로17길 48, 1~5층 (낙원동)",하프레스트 호스텔,관광숙박업,198906.525582464,452222.26053706,상업지역,5.0,2.0,21.0,기타,숙박시설,554.17,호스텔업
268,영업중,"서울특별시 종로구 난계로29길 65-14, 3~5층 (숭인동)",엔조이스테이 호스텔,관광숙박업,201689.360291466,452306.010081257,상업지역,5.0,0.0,27.0,기타,숙박시설,596.25,호스텔업
269,영업중,"서울특별시 중구 세종대로 135, 19~20층 (태평로1가)",글로카로카호스텔,관광숙박업,197867.156641113,451779.880897566,,19.0,0.0,45.0,,,2280.0,호스텔업
270,영업중,서울특별시 영등포구 선유서로31길 6-12 (양평동3가),CENTRAL TOWER,관광숙박업,189850.75199983,447211.490359912,준공업지역,9.0,1.0,38.0,,,944.48,호스텔업
271,영업중,"서울특별시 종로구 종로 313-6, 금강빌딩 (창신동)",이온호텔,관광숙박업,201057.431070167,452245.944639053,일반상업지역,7.0,1.0,42.0,기타,숙박시설,962.63,호스텔업
272,영업중,서울특별시 강남구 논현로155길 25-1 (신사동),단델리온 신사1호점,관광숙박업,202242.701738861,446568.29525164,일반주거지역,3.0,1.0,12.0,주택가주변,숙박시설,491.58,호스텔업
273,영업중,서울특별시 마포구 양화로 86 (서교동),호텔 더 디자이너스 홍대,관광숙박업,192647.075671686,449962.851191072,준주거지역,15.0,3.0,80.0,,호텔,3868.0,관광호텔업
274,영업중,"서울특별시 마포구 동교로 217, 홍대LJ빌딩 2층~4층 (동교동)",필로소퍼,관광숙박업,193173.291498782,450805.577656258,일반주거지역,4.0,1.0,17.0,기타,숙박시설,377.33,호스텔업
275,영업중,서울특별시 마포구 동교로 162-7 (서교동),더휴식 아늑 홍대점,관광숙박업,192893.333078404,450367.063858996,근린상업지역,9.0,3.0,38.0,기타,숙박시설,1255.7,관광호텔업
276,영업중,서울특별시 마포구 마포대로 83 (도화동),신라스테이 마포,관광숙박업,195484.919869451,448958.582313523,일반상업지역,24.0,4.0,383.0,,숙박시설,18470.19,관광호텔업
277,영업중,서울특별시 마포구 월드컵북로 31 (서교동),아만티 호텔 서울,관광숙박업,192736.935397287,450550.232656274,일반주거지역,14.0,5.0,150.0,주택가주변,호텔,18410.72,관광호텔업
278,영업중,"서울특별시 마포구 마포대로 58 (도화동, 가든호텔)",(주)서울가든,관광숙박업,195366.504486477,448716.823596557,,15.0,2.0,372.0,,,26310.01,관광호텔업
279,영업중,"서울특별시 마포구 양화로 15 (합정동, 호텔써클)",써클호텔,관광숙박업,192044.052062349,449625.190175398,일반상업지역,9.0,3.0,40.0,,호텔,1504.56,관광호텔업
280,영업중,"서울특별시 마포구 마포대로 109 (공덕동, 롯데캐슬프레지던트)",(주)호텔롯데 롯데시티 호텔마포,관광숙박업,195564.375757848,449186.933273231,상업지역,8.0,2.0,284.0,,호텔,25713.7,관광호텔업
281,영업중,"서울특별시 마포구 월드컵북로58길 15 (상암동, 스탠포드호텔코리아)",스탠포드호텔코리아(주) 스탠포드호텔서울,관광숙박업,189919.550051873,453342.222208599,상업지역,12.0,5.0,239.0,,호텔,26278.31,관광호텔업
282,영업중,서울특별시 마포구 신촌로 152 (노고산동),에이치에비뉴 호텔 이대점,관광숙박업,194856.148175113,450442.424814188,일반주거지역,13.0,2.0,94.0,,호텔,2772.94,관광호텔업
283,영업중,"서울특별시 마포구 마포대로 92, 효성해링턴 스퀘어 (도화동)",글래드호텔 마포,관광숙박업,195616.580723896,448973.867131637,,24.0,2.0,378.0,,,26504.2,관광호텔업
284,영업중,"서울특별시 마포구 양화로 141, 롯데호텔 L7홍대 (동교동)",(주)호텔롯데 L7홍대,관광숙박업,193005.883365365,450387.023230304,,20.0,5.0,340.0,,숙박시설,22928.75,관광호텔업
285,영업중,서울특별시 마포구 양화로 130 (서교동),라이즈호텔,관광숙박업,192971.947727746,450243.232547428,,20.0,5.0,274.0,,,29331.57,관광호텔업
286,영업중,"서울특별시 마포구 홍익로5길 32 (서교동, 나인브릭)",나인브릭,관광숙박업,192911.642624498,450171.317352359,근린상업지역,16.0,2.0,94.0,학교정화(상대),,3784.07,관광호텔업
287,영업중,서울특별시 마포구 양화로 177-1 (동교동),나비호스텔,관광숙박업,193279.38663668,450637.276776739,근린상업지역,10.0,1.0,27.0,,숙박시설,992.59,호스텔업
288,영업중,서울특별시 영등포구 영등포로 93 (당산동2가),따담,관광숙박업,190378.895367059,446678.151132037,준공업지역,10.0,1.0,42.0,,,1332.96,호스텔업
289,영업중,서울특별시 송파구 백제고분로7길 23-5 (잠실동),포레스타,관광숙박업,207125.820825269,445419.558960012,일반상업지역,13.0,1.0,53.0,유흥업소밀집지역,호텔,1993.73,관광호텔업
290,영업중,서울특별시 구로구 시흥대로 533 (구로동),컬리넌호텔 구로,관광숙박업,191043.644024006,442112.644374091,준공업지역,10.0,2.0,68.0,기타,호텔,2576.42,관광호텔업
291,영업중,"서울특별시 구로구 디지털로19길 6-8, 아단아 (가리봉동)",아단아,관광숙박업,190241.658927066,442019.000152412,준공업지역,9.0,1.0,33.0,,숙박시설,732.5,호스텔업
292,영업중,"서울특별시 구로구 남부순환로105길 32, 구로 제이에스 호스텔 (가리봉동)",구로 제이에스 호스텔,관광숙박업,190289.173314581,441929.798809285,,7.0,1.0,40.0,,숙박시설,1407.41,호스텔업
293,영업중,"서울특별시 중구 세종대로11길 36, E.N.A 스위트 호텔 (서소문동)",ENA 스위트 호텔,관광숙박업,,,일반상업지역,23.0,5.0,183.0,,,14134.9,관광호텔업
294,영업중,서울특별시 중구 세종대로12길 12 (남대문로4가),호텔 그레이스리 서울,관광숙박업,197895.491160507,451035.7030265,일반상업지역,6.0,20.0,336.0,,,17908.69,관광호텔업
295,영업중,서울특별시 중구 장충단로10길 27 (광희동2가),더 페이즈,관광숙박업,200686.364658168,451262.161389721,,0.0,0.0,7.0,,,167.94,호스텔업
296,영업중,서울특별시 금천구 두산로5길 7 (독산동),스텔라이,관광숙박업,190204.539880665,440974.712401628,준공업지역,11.0,1.0,73.0,,숙박시설,2110.25,호스텔업
297,영업중,서울특별시 영등포구 양산로1길 13 (양평동3가),서울H,관광숙박업,189758.735655025,447157.130858016,준공업지역,8.0,1.0,33.0,,숙박시설,730.94,호스텔업
298,영업중,"서울특별시 은평구 진흥로 136, 호텔루 136 (녹번동)",호텔루 136,관광숙박업,193336.177185859,456159.464402602,일반주거지역,9.0,1.0,51.0,,,2202.61,관광호텔업
299,영업중,서울특별시 중구 동호로 369 (을지로5가),호텔 유파이브(HOTEL U5),관광숙박업,200095.261182808,451680.793663218,일반상업지역,20.0,4.0,297.0,,,13820.05,관광호텔업
300,영업중,"서울특별시 송파구 잠실로 209, KT송파타워 (신천동)",소피텔 앰배서더 서울 호텔 앤 서비스드 레지던스(가족호텔),관광숙박업,209337.104501753,445744.864426145,일반상업지역,32.0,5.0,160.0,,숙박시설,74200.51,가족호텔업
301,영업중,"서울특별시 송파구 잠실로 209, KT송파타워 (신천동)",소피텔 앰배서더 서울 호텔 앤 서비스드 레지던스(관광호텔),관광숙박업,209337.104501753,445744.864426145,일반상업지역,32.0,5.0,403.0,,숙박시설,74200.51,관광호텔업
302,영업중,"서울특별시 마포구 양화진2길 31, 주니비노 호텔 (합정동)",주니비노호텔,관광숙박업,192043.507297118,449524.361048163,일반주거지역,12.0,2.0,68.0,,숙박시설,6173.93,관광호텔업
303,영업중,서울특별시 영등포구 선유서로31길 10-4 (양평동3가),상상그린 G. HOUSE,관광숙박업,189814.291077523,447181.999973293,,9.0,1.0,46.0,,,996.33,호스텔업
304,영업중,"서울특별시 종로구 종로12길 14, BK종로 6층 (관철동)",스테이 마루 종로,관광숙박업,198656.933623902,451906.850293023,상업지역,7.0,1.0,0.0,기타,숙박시설,233.59,호스텔업
305,영업중,"서울특별시 중구 퇴계로76길 28, 지상3층~지상5층 (무학동)",로밍 타이거,관광숙박업,201277.706085215,451309.375841257,일반주거지역,3.0,1.0,6.0,학교정화(상대),숙박시설,225.0,호스텔업
306,영업중,"서울특별시 중구 퇴계로20나길 10, 1층 (남산동2가)",어반 스위트 스테이 (Urban Suite Stay),관광숙박업,198651.46452077,450718.885269002,,0.0,0.0,6.0,,,221.16,호스텔업
307,영업중,"서울특별시 중구 수표로2길 7, 2~3층 (충무로3가)",MOREN SEOUL MYEONGDONG,관광숙박업,199127.53452918,451102.686191354,일반상업지역,0.0,0.0,11.0,,,210.18,호스텔업
308,영업중,"서울특별시 강남구 봉은사로 156, 마티네 차움 (역삼동)",마티네차움호텔,관광숙박업,202743.002166761,444909.971220482,일반주거지역,15.0,7.0,0.0,기타,호텔,21699.28,의료관광호텔업
309,영업중,"서울특별시 송파구 백제고분로41길 31, 4층 (송파동)",111 스테이,관광숙박업,209345.228484453,445137.751124173,일반주거지역,5.0,1.0,0.0,,근린생활시설,140.62,호스텔업
310,영업중,"서울특별시 중구 퇴계로18길 13, 지상1층~지상2층 (남산동2가)",호텔 명동역,관광숙박업,198662.218896247,450881.131680443,주거지역,0.0,0.0,33.0,,,0.0,호스텔업
311,영업중,"서울특별시 강남구 테헤란로81길 22, 구암빌딩 5~7층 (삼성동)",기와 호스텔,관광숙박업,204966.435,445144.615,일반상업지역,7.0,1.0,0.0,기타,숙박시설,713.02,호스텔업
312,영업중,"서울특별시 강남구 테헤란로13길 8-5, 블루-b 2층 (역삼동)",willow leaf,관광숙박업,202838.962723967,444252.642022705,일반상업지역,10.0,2.0,0.0,기타,숙박시설,161.25,호스텔업
313,영업중,"서울특별시 중구 마른내로 50, 지상3층 301호 (인현동1가)",이랑 스테이,관광숙박업,199333.801387448,451328.479487075,,5.0,1.0,2.0,,숙박시설,69.52,호스텔업
314,영업중,"서울특별시 중구 을지로43길 30, 미진빌딩 지상4층 (을지로6가)",하이 동대문 호스텔,관광숙박업,200588.959909937,451679.884050444,,5.0,1.0,14.0,,숙박시설,242.65,호스텔업
315,영업중,"서울특별시 종로구 종로 298, 5층 (창신동)",동대문인순,관광숙박업,200902.807232242,452137.584346747,상업지역,5.0,1.0,0.0,기타,숙박시설,46.48,호스텔업
316,영업중,서울특별시 종로구 율곡로 110-16 (권농동),스테이 종로 온당,관광숙박업,199157.903207703,452735.594736647,상업지역,2.0,1.0,0.0,기타,숙박시설,140.38,호스텔업
317,영업중,"서울특별시 용산구 보광로59길 50, 2층 (이태원동)",와이낫슬립(Why Not Sleep),관광숙박업,199157.2217515,447963.871890394,준주거지역,2.0,0.0,0.0,,,27.19,호스텔업
318,영업중,"서울특별시 용산구 보광로59길 36, 6층 (이태원동)",스테이 파키라(Stay Pachira),관광숙박업,199223.815483747,447968.035884444,준주거지역,6.0,0.0,0.0,,,51.15,호스텔업
319,영업중,"서울특별시 중구 동호로 350, 한일상회 지상2층 (을지로5가)",안온 스테이,관광숙박업,200168.83910333,451476.043044703,,0.0,0.0,3.0,,,123.54,호스텔업
320,영업중,서울특별시 용산구 만리재로 190-1 (서계동),mingle stay,관광숙박업,197047.024933919,450244.123927585,일반상업지역,1.0,4.0,0.0,,,564.87,호스텔업
321,영업중,"서울특별시 중구 마른내로2길 6, 지상3층~지상5층 (초동)",하이 스테이 을지로 호스텔,관광숙박업,199257.113944113,451318.655196377,,0.0,0.0,15.0,,,261.07,호스텔업
322,영업중,"서울특별시 종로구 종로12길 14, BK종로 5층 (관철동)",스테이 뷔,관광숙박업,198656.933623902,451906.850293023,일반상업지역,7.0,1.0,0.0,기타,숙박시설,233.59,호스텔업
323,영업중,"서울특별시 종로구 종로43길 15, 4층 (종로6가)",편안정,관광숙박업,200613.281663753,452191.016680922,상업지역,5.0,1.0,0.0,기타,숙박시설,106.43,호스텔업
324,영업중,"서울특별시 종로구 수표로 132-1, 5~6층 (낙원동)",소락방 주식회사,관광숙박업,198912.882064705,452284.28899958,상업지역,6.0,0.0,0.0,기타,숙박시설,87.6,호스텔업
325,영업중,"서울특별시 종로구 대학로1길 34-11, 영지빌딩 4층 (연지동)",스테이누아 종로,관광숙박업,199969.999699615,452226.549323254,상업지역,5.0,1.0,0.0,기타,숙박시설,76.86,호스텔업
326,영업중,"서울특별시 종로구 종로14길 19, 예지빌딩 3층 (관철동)",1996 종로인,관광숙박업,198786.901723323,451865.494241718,상업지역,2.0,7.0,0.0,기타,숙박시설,280.51,호스텔업
327,영업중,"서울특별시 영등포구 영등포로50길 5, 4층 (영등포동3가)",호스텔 오닛,관광숙박업,191925.582929646,446245.80638739,일반상업지역,4.0,0.0,2.0,,,140.5,호스텔업
328,영업중,"서울특별시 중구 명동8가길 61, 금성빌딩 (충무로2가)",하이 서울 호스텔 명동 명동 웨스트,관광숙박업,198911.0286441,451082.214388761,중심상업지역,7.0,1.0,9.0,,,159.4,호스텔업
329,영업중,"서울특별시 중구 을지로 280-2, FIN TOWER 9~10층 (을지로7가)",하이메이트 동대문,관광숙박업,200730.296204033,451454.338715818,,11.0,2.0,13.0,,,297.15,호스텔업
330,영업중,서울특별시 중구 난계로17길 3 (황학동),유어모먼트,관광숙박업,201971.734332621,451882.53103038,,0.0,0.0,4.0,,,104.48,호스텔업
331,영업중,"서울특별시 중구 청파로 441, 지상4층 (중림동)",라서울 스테이,관광숙박업,197185.178805798,450729.302106846,,0.0,0.0,3.0,,,100.17,호스텔업
332,영업중,"서울특별시 중구 장충단로 214, 최정형외과의원 지하1층~지상4층 (광희동2가)",주식회사 율,관광숙박업,200573.420855721,451276.590664728,,0.0,0.0,10.0,,,424.73,호스텔업
333,영업중,"서울특별시 마포구 서강로20길 11, 2층 (노고산동)",골든(Golden) 신촌홍대점,관광숙박업,194320.816094842,450185.405671283,일반상업지역,2.0,0.0,10.0,기타,근린생활시설,145.96,호스텔업
334,영업중,"서울특별시 마포구 서강로 132, BS타워 13층 (노고산동)",로프트13,관광숙박업,194225.490221946,450179.109724203,일반상업지역,13.0,0.0,7.0,,,170.7,호스텔업
335,영업중,서울특별시 중구 명동8나길 45 (충무로1가),하이 서울 호스텔,관광숙박업,198375.232374546,450977.367032275,상업지역,4.0,1.0,12.0,,,180.87,호스텔업
336,영업중,서울특별시 중구 남대문로1길 26-3 (북창동),한 스위트 서울,관광숙박업,197953.410988627,451119.871529384,,0.0,0.0,6.0,,,540.62,호스텔업
337,영업중,"서울특별시 종로구 수표로 91, 다비치타워 4~7층 (관수동)",THE EXTAY LOUNGE,관광숙박업,198984.604875284,451902.022816125,상업지역,8.0,2.0,24.0,기타,숙박시설,913.64,호스텔업
338,영업중,"서울특별시 종로구 삼일대로15길 17, 금옥빌딩 3,8층 (관철동)",먼슬리브 종로 종각역 호텔 스테이,관광숙박업,198743.189527622,451823.235571773,상업지역,9.0,2.0,11.0,기타,숙박시설,315.42,호스텔업
339,영업중,서울특별시 성동구 성수일로12가길 30-14 (성수동2가),스윗스팟성수,관광숙박업,204623.227883498,449772.577185541,준공업지역,0.0,0.0,5.0,,,142.56,호스텔업
340,영업중,"서울특별시 강남구 강남대로146길 6 (논현동, 앤샵2 빌딩)",에스티르 신사,관광숙박업,201750.635,445817.25,주거지역,6.0,1.0,0.0,주택가주변,숙박시설,494.99,호스텔업
341,영업중,"서울특별시 강남구 삼성로75길 32-11, 대산빌딩 2층 (대치동)",온스테이 호스텔,관광숙박업,204803.848718541,444605.062200441,주거지역,6.0,0.0,0.0,주택가주변,숙박시설,203.29,호스텔업
342,영업중,"서울특별시 마포구 신촌로4길 5-5, 1층 (동교동)",비아르떼 서울,관광숙박업,193644.058184763,450596.886231733,준주거지역,1.0,0.0,2.0,기타,근린생활시설,57.23,호스텔업
343,영업중,"서울특별시 서대문구 명물길 6, 8층 (창천동)",스테이 헬로 STAY HELLO,관광숙박업,194398.900504068,450561.690366905,일반주거지역,9.0,2.0,0.0,기타,숙박시설,127.18,호스텔업
344,영업중,"서울특별시 종로구 창경궁로21가길 5-3, 종로하루 (원남동)",종로하루,관광숙박업,199626.352160596,452520.392539419,상업지역,2.0,0.0,2.0,학교정화(상대),,42.98,호스텔업
345,영업중,"서울특별시 구로구 새말로 20, 코코모호텔 (구로동)",커넥티드 호텔 구로(CONNECTED HOTEL GURO),관광숙박업,189616.936088565,444424.824149503,준공업지역,9.0,1.0,47.0,기타,호텔,1604.5,관광호텔업
346,영업중,서울특별시 용산구 한강대로23길 25 (한강로3가),나인트리 프리미어 로카우스호텔 서울 용산(Nine Tree Premier ROKAUS Hotel Seoul Yongsan),관광숙박업,196785.404801941,447267.982864433,일반상업지역,30.0,7.0,274.0,,,40539.0,관광호텔업
347,영업중,서울특별시 광진구 동일로30길 10 (화양동),하일호스텔,관광숙박업,205913.766725576,449481.459608894,준주거지역,10.0,1.0,32.0,,숙박시설,252.2,호스텔업
348,영업중,"서울특별시 종로구 우정국로 46, 천마빌딩 (견지동)",더프리마호텔 종로,관광숙박업,198469.85451949,452315.746209246,일반상업지역,11.0,1.0,155.0,기타,숙박시설,6074.4,관광호텔업
349,영업중,서울특별시 영등포구 도영로11길 29 (도림동),스프링 플라워,관광숙박업,190705.322157854,445302.156117372,준공업지역,10.0,1.0,21.0,,,467.0,호스텔업
350,영업중,서울특별시 강서구 양천로 743 (염창동),나이아가라관광호텔,관광숙박업,189200.147733153,449654.951038959,준주거지역,12.0,4.0,98.0,주택가주변,호텔,9686.35,관광호텔업
351,영업중,서울특별시 강서구 방화대로 94 (외발산동),메이필드호텔,관광숙박업,183863.692502412,449443.610735042,녹지지역,6.0,1.0,239.0,기타,호텔,0.0,관광호텔업
352,영업중,서울특별시 강서구 화곡로 354-10 (화곡동),칼튼 관광호텔,관광숙박업,186892.947389352,450261.991363534,일반상업지역,8.0,3.0,64.0,유흥업소밀집지역,호텔,6141.79,관광호텔업
353,영업중,서울특별시 강서구 남부순환로 196 (외발산동),티제이 관광호텔,관광숙박업,184029.320078984,449535.607231956,,6.0,1.0,36.0,,,2927.55,관광호텔업
354,영업중,서울특별시 노원구 노해로77길 22 (상계동),노블레스관광호텔,관광숙박업,205157.94751541,461423.045063883,,11.0,4.0,93.0,,,10421.0,관광호텔업
355,영업중,"서울특별시 강남구 영동대로 736 (청담동, 알로프트 서울 강남 호텔)",알로프트 서울 강남 호텔,관광숙박업,204850.302981167,446835.931404503,일반상업지역,15.0,3.0,0.0,주택가주변,숙박시설,10200.01,관광호텔업
356,영업중,서울특별시 강동구 천중로 27 (천호동),바고관광호텔,관광숙박업,210981.596844031,449282.085359224,일반주거지역,7.0,2.0,42.0,,,2571.59,관광호텔업
357,영업중,서울특별시 강동구 천중로40길 63 (길동),하모니관광호텔,관광숙박업,212136.45903212,448450.725351294,일반상업지역,10.0,2.0,81.0,유흥업소밀집지역,,2983.87,관광호텔업
358,영업중,서울특별시 강동구 천호대로159길 22-36 (천호동),호텔 감(HOTEL GAM),관광숙박업,211302.314479117,448470.034451444,,14.0,2.0,37.0,,,1582.4,관광호텔업
359,영업중,서울특별시 강남구 논현로 66 (개포동),호텔 데님(Hotel Denim),관광숙박업,204053.596300672,441557.179656218,준주거지역,8.0,4.0,88.0,주택가주변,호텔,7500.02,관광호텔업
360,영업중,서울특별시 강남구 테헤란로37길 13-10 (역삼동),리치웰 호텔(Richwell Hotel),관광숙박업,203451.550821003,444529.420299492,상업지역,14.0,3.0,57.0,유흥업소밀집지역,숙박시설,3227.77,관광호텔업
361,영업중,"서울특별시 강남구 테헤란로37길 13-8 (역삼동, 디엔에스리치빌)",인더시티호스텔,관광숙박업,203467.667642123,444535.854061853,일반상업지역,6.0,3.0,30.0,기타,근린생활시설,1628.8,호스텔업
362,영업중,"서울특별시 강남구 강남대로92길 13 (역삼동, Jerry s planet Building)",더제리스플래닛 호텔,관광숙박업,202451.742958279,444092.87549641,일반상업지역,10.0,4.0,42.0,기타,호텔,3505.8,관광호텔업
363,영업중,"서울특별시 강남구 봉은사로 155 (논현동, 호텔 카푸치노)",호텔 카푸치노,관광숙박업,202713.81010796,444963.003980538,일반주거지역,17.0,3.0,141.0,기타,숙박시설,5992.92,관광호텔업
364,영업중,서울특별시 강남구 테헤란로25길 6-13 (역삼동),베니키아 강남 노블레스 호텔,관광숙박업,203095.187072133,444354.430359109,일반상업지역,10.0,1.0,0.0,기타,호텔,1999.18,관광호텔업
365,영업중,"서울특별시 강남구 선릉로90길 62, 서원빌딩 3층~5층층 (대치동)",스텔라 호스텔,관광숙박업,204719.15931343,444786.150912491,일반상업지역,4.0,0.0,0.0,기타,숙박시설,0.0,호스텔업
366,영업중,서울특별시 강남구 강남대로112길 11 (논현동),K-그랜드 호스텔 강남 1,관광숙박업,202161.235372399,444814.440071409,,0.0,0.0,0.0,,,0.0,호스텔업
367,영업중,"서울특별시 강남구 테헤란로87길 9 (삼성동, 호텔페이토)",호텔 페이토 삼성,관광숙박업,205121.655,445138.69,일반상업지역,19.0,5.0,0.0,기타,숙박시설,0.0,관광호텔업
368,영업중,서울특별시 금천구 가산로 50 (독산동),이사벨관광호텔,관광숙박업,190862.968726515,441065.665921744,준공업지역,8.0,3.0,57.0,기타,호텔,4563.85,관광호텔업
369,영업중,서울특별시 금천구 남부순환로 1262 (가산동),마인드 관광호텔,관광숙박업,190291.362021742,441856.76167243,일반상업지역,13.0,1.0,65.0,기타,호텔,4335.26,관광호텔업
370,영업중,"서울특별시 금천구 서부샛길 584 (가산동, 골드리버관광호텔)",골드리버관광호텔,관광숙박업,189045.768055551,441806.212135891,준공업지역,13.0,3.0,109.0,,호텔,7399.59,관광호텔업
371,영업중,서울특별시 강동구 풍성로 210 (성내동),발리(BALI),관광숙박업,211855.041782136,447431.586848941,,7.0,1.0,50.0,,,3236.0,관광호텔업
372,영업중,"서울특별시 강남구 봉은사로 113 (논현동, 호텔 더 디자이너스 리즈 강남 프리미어)",호텔 더 디자이너스 리즈 강남 프리미어,관광숙박업,202220.14,444805.625,일반주거지역,18.0,4.0,0.0,기타,숙박시설,0.0,관광호텔업
373,영업중,"서울특별시 강남구 논현로87길 15-4 (역삼동, 강남스테이관광호텔)",강남 스테이 호텔,관광숙박업,203064.385125254,444133.338603466,일반상업지역,12.0,2.0,52.0,기타,호텔,1997.19,관광호텔업
374,영업중,서울특별시 강남구 테헤란로10길 5 (역삼동),호텔 소울하다,관광숙박업,202800.634114449,444058.465089517,일반상업지역,7.0,1.0,0.0,기타,숙박시설,0.0,관광호텔업
375,영업중,"서울특별시 강남구 강남대로 620, 3층 (신사동, 영일빌딩)",어바웃스테이 신사점,관광숙박업,201684.704785227,446105.858997581,일반주거지역,3.0,0.0,28.0,기타,숙박시설,519.0,호스텔업
376,영업중,서울특별시 강남구 테헤란로29길 11 (역삼동),호텔 디 아티스트 역삼,관광숙박업,203333.617282827,444467.312715941,일반상업지역,10.0,1.0,50.0,기타,호텔,1947.88,관광호텔업
377,영업중,"서울특별시 강남구 언주로89길 21 (역삼동, CAPACEHotel)",카파쓰 호텔,관광숙박업,203566.634592836,444370.566836892,일반상업지역,10.0,1.0,48.0,유흥업소밀집지역,호텔,1999.86,관광호텔업
378,영업중,서울특별시 강남구 봉은사로 134 (역삼동),도미인 서울 강남,관광숙박업,202535.919022141,444822.174971826,일반주거지역,3.0,3.0,220.0,기타,숙박시설,1078.4,관광호텔업
379,영업중,서울특별시 강남구 삼성로96길 20 (삼성동),호텔 유리앤,관광숙박업,205020.248732302,445191.129756305,일반상업지역,14.0,3.0,0.0,기타,호텔,6661.44,관광호텔업
380,영업중,서울특별시 강남구 도산대로 508 (청담동),호텔 엔트라,관광숙박업,204216.450027497,446867.588235408,,20.0,4.0,92.0,,호텔,5666.38,관광호텔업
381,영업중,"서울특별시 강남구 테헤란로 415, L7 HOTELS 강남타워 (삼성동)",(주)호텔롯데 L7 강남,관광숙박업,204488.365267013,444832.873128843,일반상업지역,27.0,6.0,0.0,,호텔,33584.29,관광호텔업
382,영업중,서울특별시 강남구 테헤란로 610 (대치동),호텔 글래드 강남 코엑스센터,관광숙박업,205636.367492511,445183.035278769,일반주거지역,20.0,4.0,282.0,,숙박시설,12503.8,관광호텔업
383,영업중,서울특별시 강남구 언주로85길 27 (역삼동),오월호텔,관광숙박업,203563.297317024,444266.609812808,일반주거지역,0.0,0.0,0.0,,,3281.33,관광호텔업
384,영업중,서울특별시 강남구 도산대로 203 (신사동),포포인츠바이쉐라톤서울강남,관광숙박업,202447.848471025,446447.1648066,,0.0,0.0,0.0,,,0.0,관광호텔업
385,영업중,"서울특별시 강남구 논현로 533, 호텔 세느 (역삼동)",호텔 세느,관광숙박업,203033.435,444637.16,일반주거지역,8.0,2.0,40.0,기타,호텔,1514.16,관광호텔업
386,영업중,서울특별시 강남구 선릉로85길 6 (역삼동),호텔 뉴브,관광숙박업,204272.802698096,444535.336141507,상업지역,14.0,5.0,0.0,,,11823.91,
387,영업중,서울특별시 강남구 테헤란로33길 6-5 (역삼동),호텔 그라모스 서울 강남,관광숙박업,203455.86,444482.81,일반상업지역,10.0,2.0,0.0,,숙박시설,0.0,
388,영업중,서울특별시 강남구 언주로87길 11 (역삼동),호텔 컬리넌 역삼,관광숙박업,203651.669007478,444353.684205677,상업지역,10.0,1.0,0.0,기타,숙박시설,0.0,
389,영업중,서울특별시 강남구 언주로 517 (역삼동),호텔 신라스테이 역삼(Hotel Shilla Stay Yeoksam),관광숙박업,203578.799034139,444715.394917107,일반주거지역,15.0,5.0,0.0,주택가주변,숙박시설,24392.04,관광호텔업
390,영업중,"서울특별시 구로구 남부순환로105다길 12, 바모스하우스 (가리봉동)",바모스하우스,관광숙박업,190311.667218288,441947.454339126,준공업지역,7.0,1.0,29.0,,숙박시설,683.2,호스텔업
391,영업중,서울특별시 구로구 경인로 229 (오류동),호텔 베르누이,관광숙박업,186313.367967351,443926.763932065,일반상업지역,22.0,2.0,397.0,,숙박시설,21308.83,관광호텔업
392,영업중,서울특별시 구로구 경인로 624 (신도림동),라마다 서울 신도림 호텔,관광숙박업,189793.631285586,444899.40426595,중심상업지역,14.0,7.0,104.0,학교정화(상대),호텔,34942.65,관광호텔업
393,영업중,서울특별시 구로구 디지털로32길 72 (구로동),포포인츠 바이 쉐라톤 서울 구로(Four Points by Sheraton Seoul Guro),관광숙박업,190990.955753109,442338.842381042,,15.0,4.0,202.0,,,18500.83,관광호텔업
394,영업중,"서울특별시 구로구 디지털로 300, 지밸리비즈플라자 (구로동)",(주)호텔롯데 롯데시티호텔 구로,관광숙박업,190779.824680954,442527.527966789,준공업지역,20.0,4.0,283.0,기타,숙박시설,22697.59,관광호텔업
395,영업중,서울특별시 강북구 삼양로 500-18 (수유동),베니키아 리치다이아몬드호텔,관광숙박업,201305.455244726,460570.957809466,일반주거지역,7.0,1.0,0.0,,,0.0,관광호텔업
396,영업중,"서울특별시 강북구 4.19로 26 (수유동, 모텔 영)",영호스텔,관광숙박업,200934.182307911,460594.794065117,일반주거지역,0.0,0.0,0.0,,,711.58,호스텔업
397,영업중,"서울특별시 도봉구 도봉로 903 (도봉동, 더데이호텔)",더데이 관광호텔,관광숙박업,203956.522216276,464745.309206513,일반주거지역,6.0,4.0,60.0,,호텔,4999.78,관광호텔업
398,영업중,서울특별시 도봉구 도봉로 710 (방학동),(주)써클관광개발 호텔베이 204,관광숙박업,203781.732147085,462825.040991622,근린상업지역,15.0,2.0,72.0,,호텔,3980.59,관광호텔업
399,영업중,서울특별시 중구 퇴계로 159-8 (충무로2가),올스테이인,관광숙박업,199037.916477276,451051.291993868,일반상업지역,0.0,0.0,19.0,,,272.2,호스텔업
400,영업중,서울특별시 중구 수표로 16 (충무로3가),트레블로지 명동 남산,관광숙박업,199114.933047561,451143.358208599,일반상업지역,13.0,3.0,174.0,,호텔,5163.73,관광호텔업
401,영업중,서울특별시 종로구 종로66가길 21 (숭인동),서울앤호텔 동대문,관광숙박업,201770.687981914,452337.690748925,일반상업지역,14.0,2.0,101.0,기타,숙박시설,2507.0,호스텔업
402,영업중,서울특별시 구로구 남부순환로105다길 13 (가리봉동),HOSTEL THE CAMINO,관광숙박업,190307.024213311,441974.142477597,준공업지역,9.0,1.0,40.0,,숙박시설,938.62,호스텔업
403,영업중,서울특별시 영등포구 영등포로47길 8-1 (영등포동2가),호텔 바모스,관광숙박업,191858.027306326,446421.213263331,준주거지역,8.0,1.0,21.0,기타,숙박시설,447.6,호스텔업
404,영업중,서울특별시 중구 다동길 30 (다동),호텔 미드시티 명동,관광숙박업,198260.880732247,451708.909162308,상업지역,9.0,1.0,140.0,,,6313.74,관광호텔업
405,영업중,"서울특별시 영등포구 영등포로25길 20, SH호스텔 (당산동1가)",SH호스텔,관광숙박업,190957.999888108,446729.260608743,준공업지역,9.0,1.0,38.0,주택가주변,,836.55,호스텔업
406,영업중,서울특별시 강남구 도산대로 153 (신사동),호텔 안테룸 서울,관광숙박업,202159.749483028,446291.277157107,,19.0,4.0,0.0,,,3670.0,관광호텔업
407,영업중,서울특별시 중구 명동8가길 59 (충무로2가),헨나호텔서울명동,관광숙박업,198898.282009528,451082.839302118,중심상업지역,8.0,1.0,100.0,학교정화(상대),,3171.31,관광호텔업
408,영업중,"서울특별시 서초구 강남대로 253, 준타워 (서초동)",힐튼 가든 인 서울 강남,관광숙박업,202827.205726281,442635.958648293,일반상업지역,18.0,6.0,208.0,기타,숙박시설,16900.37,관광호텔업
409,영업중,서울특별시 관악구 봉천로12길 25 (신림동),팰리스,관광숙박업,193710.457962963,442822.304969444,일반상업지역,12.0,1.0,39.0,,숙박시설,1005.66,호스텔업
410,영업중,서울특별시 관악구 신림로70길 14 (신림동),골드빌,관광숙박업,193706.653374624,442832.744067596,일반상업지역,12.0,1.0,30.0,,숙박시설,1084.35,호스텔업
411,영업중,서울특별시 광진구 아차산로76가길 12 (광장동),나무호텔,관광숙박업,209407.745384399,449459.252995276,일반주거지역,8.0,2.0,23.0,,,777.0,소형호텔업
412,영업중,서울특별시 강북구 삼양로 689 (우이동),안토,관광숙박업,200704.539774217,462416.392839185,자연녹지지역,7.0,3.0,0.0,기타,콘도미니엄,99829.45,휴양콘도미니엄업
413,영업중,서울특별시 영등포구 양산로3길 11 (양평동3가),가예2,관광숙박업,189774.099547968,447173.161267046,준공업지역,9.0,1.0,37.0,,숙박시설,870.07,호스텔업
414,영업중,"서울특별시 종로구 돈화문로 92, 고려빌딩 2~5층 (와룡동)",클래식 아파트먼트 익선,관광숙박업,199094.426974085,452705.663555768,상업지역,5.0,1.0,0.0,기타,숙박시설,391.79,호스텔업
415,영업중,"서울특별시 종로구 대학로2길 13, 2~3층 (효제동)",하우스 오손 종묘점,관광숙박업,200179.814528611,452151.358602176,상업지역,5.0,1.0,0.0,기타,숙박시설,179.82,호스텔업
416,영업중,"서울특별시 중구 을지로 144, 지상2층 (을지로3가)",아르보 스테이,관광숙박업,199397.147619054,451545.552347045,,3.0,0.0,5.0,,숙박시설,142.9,호스텔업
417,영업중,"서울특별시 종로구 돈화문로 5-5, 한남빌딩 4,6층 (관수동)",HELLO HOSTEL,관광숙박업,199221.509430179,451851.540972503,상업지역,6.0,0.0,0.0,기타,숙박시설,287.6,호스텔업
418,영업중,"서울특별시 종로구 종로5길 32-5, 삼선빌딩 5층 (청진동)",하나데이즈 종로광화문(Hana Days Jongno-Gwanghwamun,관광숙박업,198237.929525915,452179.998288835,일반상업지역,6.0,1.0,0.0,기타,숙박시설,228.23,호스텔업
419,영업중,서울특별시 동대문구 장한로21길 8 (장안동),동대문 시그니처 관광호텔,관광숙박업,206091.537162593,451990.224278208,일반상업지역,14.0,1.0,67.0,,,2914.95,관광호텔업
420,영업중,"서울특별시 종로구 종로5길 32-5, 삼선빌딩 6층 (청진동)",헤이븐 스테이 종로,관광숙박업,198237.929525915,452179.998288835,상업지역,6.0,1.0,0.0,기타,숙박시설,228.23,호스텔업
421,영업중,"서울특별시 강남구 테헤란로6길 18, 3층 (역삼동)",파크뷰 강남 호스텔,관광숙박업,202638.586484774,443915.833907599,상업지역,14.0,1.0,0.0,기타,숙박시설,142.64,호스텔업
422,영업중,"서울특별시 중구 퇴계로 210, 지상4층 (필동2가)",라임스테이 명동 호스텔,관광숙박업,199492.981109179,450994.468193414,일반상업지역,5.0,1.0,7.0,기타,숙박시설,142.08,호스텔업
423,영업중,"서울특별시 중구 삼일대로8길 13, 지상7층 (충무로2가)",호스텔 고울,관광숙박업,199024.562771375,451170.488726466,일반상업지역,7.0,1.0,1.0,학교정화(상대),,41.76,호스텔업
424,영업중,"서울특별시 중구 을지로27길 40, 지상3층~지상5층 (주교동)",먼슬리브 을지로 광장시장 호텔 스테이[Monthliv Euljiro Gwangjang Market Hotel Stay],관광숙박업,199857.605071367,451819.223280697,일반상업지역,5.0,1.0,7.0,기타,숙박시설,313.8,호스텔업
425,영업중,"서울특별시 서대문구 명물길 6, 6-7층 (창천동)",노마드 스테이 인 홍대,관광숙박업,194398.900504068,450561.690366905,일반주거지역,0.0,0.0,0.0,기타,,296.16,호스텔업
426,영업중,"서울특별시 종로구 삼일대로17길 17, 3층 (관철동)",HI STAY JONGNO,관광숙박업,198737.963708985,451864.041221302,상업지역,5.0,1.0,0.0,기타,숙박시설,196.03,호스텔업
427,영업중,서울특별시 종로구 종로65길 12-22 (숭인동),TES,관광숙박업,201741.476646868,452548.707959757,준주거지역,3.0,1.0,0.0,주택가주변,숙박시설,258.29,호스텔업
428,영업중,"서울특별시 중구 서소문로 133, 지상7층,지상8층,지상10층,지상11층 (서소문동)",THE VILLA 23,관광숙박업,197769.961816205,451288.74158068,,0.0,0.0,4.0,,,0.0,호스텔업
429,영업중,"서울특별시 중구 난계로17길 58-14, 지하1층~지상5층 (황학동)",FRGE (에프알지이),관광숙박업,201769.918012603,451982.737675836,,0.0,0.0,5.0,,,0.0,호스텔업
430,영업중,"서울특별시 마포구 양화로 124, 3층 (서교동)",더 센트럴 홍대,관광숙박업,192937.426138742,450226.210530626,근린상업지역,3.0,0.0,9.0,학교정화(상대),근린생활시설,196.0,호스텔업
431,영업중,"서울특별시 마포구 신촌로12나길 32, 2층 (노고산동)",코코스테이,관광숙박업,194121.619460487,450289.132332369,준주거지역,2.0,0.0,7.0,,,131.71,호스텔업
432,영업중,"서울특별시 마포구 양화로 118, 5층 (서교동)",슬로우온 호스텔,관광숙박업,192880.563694394,450175.878676492,근린상업지역,5.0,0.0,15.0,학교정화(상대),숙박시설,242.93,호스텔업
433,영업중,"서울특별시 중구 삼일대로8길 12, 지하1층,지상6층~지상10층 (충무로2가)",트래비스타 호스텔,관광숙박업,199020.607295698,451148.336104531,,0.0,0.0,9.0,,,0.0,호스텔업
434,영업중,"서울특별시 중구 남대문로 66-1, 지상2층~지상3층 (명동2가)",HISTAY HOSTEL,관광숙박업,198357.308994559,451193.911492637,,0.0,0.0,10.0,,,0.0,호스텔업
435,영업중,서울특별시 강남구 논현로124길 19-4 (논현동),GAM,관광숙박업,202872.299954252,445628.524672533,주거지역,4.0,1.0,0.0,주택가주변,숙박시설,428.08,호스텔업
436,영업중,서울특별시 중구 명동8나길 38 (충무로1가),르메르디앙 서울 명동,관광숙박업,198403.083197305,451049.012425837,,4.0,5.0,200.0,,,20543.53,관광호텔업
437,영업중,서울특별시 중구 명동8나길 38 (충무로1가),목시 서울 명동,관광숙박업,198403.083197305,451049.012425837,,4.0,5.0,205.0,,,11212.43,관광호텔업
438,영업중,"서울특별시 영등포구 영등포로27길 17, 퍼스티어 호스텔 (당산동1가)",SD Firstier,관광숙박업,191019.994049092,446713.408294767,준공업지역,9.0,1.0,35.0,,,930.87,호스텔업
439,영업중,서울특별시 송파구 올림픽로32길 7-1 (방이동),호텔 더 캐슬(방이2),관광숙박업,209577.698774715,445907.77255221,일반상업지역,16.0,2.0,41.0,,숙박시설,1487.08,관광호텔업
440,영업중,서울특별시 중구 소공로6길 38 (남산동2가),올리브 호스텔,관광숙박업,198614.550199488,450677.047277743,일반주거지역,4.0,1.0,20.0,학교정화(상대),,420.88,호스텔업
441,영업중,"서울특별시 강남구 테헤란로 231, 센터필드 (역삼동)",(주)조선호텔앤리조트 조선팰리스강남,관광숙박업,203599.062771687,444556.062267296,일반상업지역,16.0,4.0,254.0,기타,숙박시설,49203.39,관광호텔업
442,영업중,서울특별시 관악구 신림로64길 29 (신림동),하센 K2호텔,관광숙박업,193859.618674702,442562.87358396,일반상업지역,10.0,1.0,45.0,유흥업소밀집지역,문화시설,1572.8,관광호텔업
443,영업중,서울특별시 동대문구 왕산로 226 (전농동),HOTEL THE DESIGNERS CHEONGNYANGNI,관광숙박업,204138.950468648,453269.018797518,상업지역,15.0,2.0,80.0,,호텔,3542.07,관광호텔업
444,영업중,서울특별시 동대문구 이문로 192 (이문동),쓰리세븐호텔,관광숙박업,205424.949299884,455714.48034047,,15.0,1.0,81.0,,,2449.49,호스텔업
445,영업중,서울특별시 동대문구 왕산로 22 (신설동),맹그로브 신설,관광숙박업,202233.604900045,452654.5266264,일반상업지역,20.0,6.0,311.0,학교정화(상대),숙박시설,11588.89,관광호텔업
446,영업중,서울특별시 동대문구 천호대로 377 (장안동),골든씨티호텔,관광숙박업,205320.396297203,451122.642371749,,14.0,2.0,116.0,,호텔,4667.32,관광호텔업
447,영업중,"서울특별시 관악구 신림로66길 16 (신림동, 신트라호텔)",신트라(SINTRA) 호텔,관광숙박업,193791.550336071,442572.551886902,상업지역,13.0,2.0,54.0,유흥업소밀집지역,숙박시설,2994.57,관광호텔업
448,영업중,서울특별시 관악구 난곡로64길 5 (신림동),어반(Urban)호텔,관광숙박업,192409.819263986,442132.089971458,일반상업지역,10.0,2.0,49.0,주택가주변,숙박시설,1734.96,관광호텔업
449,영업중,서울특별시 관악구 신림동7길 52 (신림동),(주)관광호텔 뜨랑블루,관광숙박업,193457.995986558,442484.950403885,일반상업지역,12.0,2.0,66.0,유흥업소밀집지역,숙박시설,3620.1,관광호텔업
450,영업중,서울특별시 관악구 신림로 349 (신림동),WD호텔,관광숙박업,193672.292011766,442595.201521853,일반상업지역,18.0,3.0,108.0,유흥업소밀집지역,숙박시설,5794.06,관광호텔업
451,영업중,"서울특별시 관악구 남부순환로 1458 (신림동, CS프리미어호텔)",아늑 시그니처 호텔 서울 구로,관광숙박업,192221.284006412,442115.233810003,일반상업지역,18.0,2.0,104.0,기타,숙박시설,5083.74,관광호텔업
452,영업중,서울특별시 관악구 신림로65길 16-18 (신림동),어반스테이,관광숙박업,193608.44765448,442632.12005209,일반상업지역,10.0,1.0,42.0,유흥업소밀집지역,숙박시설,995.53,호스텔업
453,영업중,서울특별시 동대문구 회기로 188-12 (휘경동),체이슨 엠(CHASON M),관광숙박업,204932.775091374,454118.502321589,준주거지역,7.0,1.0,24.0,,,591.82,호스텔업
454,영업중,서울특별시 동대문구 천호대로 383 (장안동),더 리센츠,관광숙박업,205377.431831779,451112.370883917,일반상업지역,19.0,2.0,207.0,기타,호텔,8647.58,관광호텔업
455,영업중,서울특별시 동대문구 왕산로 28 (신설동),호텔 부티크나인,관광숙박업,202286.682586248,452683.713874138,일반상업지역,13.0,2.0,91.0,,숙박시설,6225.06,관광호텔업
456,영업중,"서울특별시 강남구 테헤란로 521 (삼성동, 그랜드인터콘티넨탈호텔)",그랜드인터컨티넨탈 서울 파르나스,관광숙박업,205314.159889285,445204.709309676,,33.0,4.0,0.0,,호텔,128324.19,
457,영업중,서울특별시 강남구 삼성로 431 (대치동),이비스 스타일 앰배서더 강남,관광숙박업,204976.284445723,444767.617235233,일반주거지역,14.0,6.0,0.0,기타,호텔,17842.04,관광호텔업
458,영업중,"서울특별시 강남구 강남대로 588 (논현동, 렉스관광호텔)",렉스 관광 호텔,관광숙박업,201746.195,445794.05,일반상업지역,9.0,3.0,0.0,기타,호텔,3650.68,
459,영업중,"서울특별시 강남구 테헤란로 606 (대치동, 호텔아이파크(주))",파크하얏트서울,관광숙박업,205601.904041677,445151.509504571,일반상업지역,24.0,4.0,0.0,학교정화(상대),호텔,22998.17,관광호텔업
460,영업중,"서울특별시 강남구 봉은사로 139 (논현동, 베스트웨스턴 강남호텔)",베스트웨스턴 프리미어 강남호텔,관광숙박업,202564.648054725,444905.529446636,일반상업지역,15.0,5.0,0.0,기타,호텔,6956.5,
461,영업중,"서울특별시 강남구 테헤란로33길 16 (역삼동, 리더스관광호텔)",트리아관광호텔,관광숙박업,203414.8682942,444515.570280103,상업지역,8.0,2.0,0.0,기타,호텔,3001.86,
462,영업중,"서울특별시 강남구 도산대로1길 83 (신사동, 까사미아호텔)",라까사호텔,관광숙박업,201658.416590861,446639.566102925,일반주거지역,6.0,1.0,0.0,학교정화(상대),숙박시설,4638.17,
463,영업중,서울특별시 강남구 테헤란로25길 10 (역삼동),AC 호텔 바이 메리어트 서울 강남,관광숙박업,203065.439088667,444338.739765925,일반상업지역,7.0,21.0,288.0,기타,호텔,18428.36,
464,영업중,서울특별시 광진구 능동로 90 (자양동),더 클래식 500 펜타즈,관광숙박업,206217.434726027,448506.218743834,일반상업지역,20.0,6.0,84.0,,숙박시설,30402.74,관광호텔업
465,영업중,서울특별시 광진구 천호대로 521 (중곡동),호텔더디자이너스건대,관광숙박업,206698.893815455,450714.384110768,,10.0,3.0,75.0,,,5568.11,관광호텔업
466,영업중,서울특별시 광진구 천호대로 560 (능동),호텔부티크나인,관광숙박업,207010.871583566,450476.132985226,,17.0,2.0,86.0,,호텔,5959.76,관광호텔업
467,영업중,서울특별시 광진구 동일로 214 (군자동),호텔컬리넌 건대2,관광숙박업,206049.041722081,449837.413487285,일반주거지역,10.0,1.0,56.0,,호텔,1998.15,관광호텔업
468,영업중,서울특별시 광진구 동일로 156 (화양동),에이치 에비뉴 건대점,관광숙박업,205814.775584133,449312.4702829,일반주거지역,8.0,2.0,60.0,기타,호텔,2950.0,관광호텔업
469,영업중,서울특별시 광진구 동일로 172 (화양동),호텔더디자이너스프리미어성수&건대,관광숙박업,205879.365670312,449454.638559578,상업지역,20.0,1.0,100.0,유흥업소밀집지역,호텔,4762.55,관광호텔업
470,영업중,"서울특별시 광진구 자양로18길 26, 4층 (구의동)",휴호스텔,관광숙박업,207451.978559216,448383.349035758,준주거지역,0.0,0.0,10.0,기타,근린생활시설,214.06,호스텔업
471,영업중,"서울특별시 광진구 동일로 90, 호텔케이월드 (자양동)",호텔케이월드,관광숙박업,205540.082598602,448702.306849626,일반주거지역,11.0,2.0,54.0,유흥업소밀집지역,호텔,2484.97,관광호텔업
472,영업중,서울특별시 광진구 워커힐로 177 (광장동),SK 네트웍스 (주) 워커힐,관광숙박업,209775.267831522,450327.57709331,,0.0,0.0,783.0,,,192390.8,관광호텔업
473,영업중,서울특별시 동대문구 왕산로 269 (청량리동),위코스테이 청량리,관광숙박업,204390.028486003,453618.739915578,,0.0,1.0,46.0,,호텔,1993.54,관광호텔업
474,영업중,"서울특별시 동대문구 왕산로 11-1, 4~5층 (신설동)",호스텔 메트로,관광숙박업,202127.604983917,452682.7306843,일반상업지역,5.0,1.0,15.0,학교정화(상대),숙박시설,297.74,호스텔업
475,영업중,서울특별시 강서구 화곡로 327 (화곡동),이지갤러리관광호텔,관광숙박업,186720.895010675,450123.211356154,일반상업지역,15.0,2.0,64.0,유흥업소밀집지역,호텔,4320.71,관광호텔업
476,영업중,서울특별시 강서구 남부순환로 190 (외발산동),호텔 디아망,관광숙박업,183962.828662192,449599.177635822,,4.0,2.0,36.0,,,2929.61,관광호텔업
477,영업중,서울특별시 강서구 하늘길 38 (방화동),(주)호텔롯데 롯데시티호텔 김포공항,관광숙박업,182524.823835629,451438.25089679,일반주거지역,9.0,5.0,197.0,기타,호텔,12180.0,관광호텔업
478,영업중,서울특별시 강서구 방화대로 94 (외발산동),메이필드 호텔,관광숙박업,183863.692502412,449443.610735042,,0.0,0.0,0.0,,,36128.0,관광호텔업
479,영업중,서울특별시 강서구 곰달래로24길 35 (화곡동),드 어반 관광호텔,관광숙박업,186440.443863809,447428.864448039,,11.0,3.0,46.0,,,3334.21,관광호텔업
480,영업중,서울특별시 강서구 강서로5나길 30 (화곡동),볼(Voll) 관광호텔,관광숙박업,186374.27787759,447401.426813655,,13.0,2.0,54.0,,,3652.02,관광호텔업
481,영업중,"서울특별시 강남구 영동대로 737 (청담동, 호텔리베라)",호텔리베라서울,관광숙박업,204714.758457103,446852.078363788,,15.0,5.0,0.0,,호텔,42108.55,
482,영업중,"서울특별시 강남구 봉은사로 150 (역삼동, 삼정관광호텔)",삼정관광호텔,관광숙박업,202699.226067088,444846.764226016,,11.0,2.0,0.0,,호텔,13276.6,
483,영업중,"서울특별시 강서구 양천로65길 41-22, 제이케이블라썸호텔 (염창동)",제이케이블라썸호텔,관광숙박업,188239.336760938,450510.801870622,준공업지역,15.0,2.0,336.0,기타,호텔,11312.0,관광호텔업
484,영업중,"서울특별시 강서구 마곡동로4길 15, 엠팰리체 7층 701호 (마곡동)",호텔 엠펠리체,관광숙박업,185373.875552476,450852.52184551,일반상업지역,13.0,4.0,118.0,기타,호텔,8501.0,관광호텔업
485,영업중,"서울특별시 강서구 마곡중앙12로 10, 메리어트호텔 (마곡동)",코트야드 메리어트 서울 보타닉파크,관광숙박업,,,,12.0,5.0,261.0,,숙박시설,19080.03,관광호텔업
486,영업중,서울특별시 동작구 동작대로1길 15 (사당동),주식회사 에스알호텔,관광숙박업,198197.366312126,441663.188965473,일반상업지역,15.0,4.0,63.0,,호텔,3040.69,관광호텔업
487,영업중,서울특별시 동작구 상도로 120 (상도동),핸드픽트.서울 호텔,관광숙박업,194052.281602581,444337.583039184,주거지역,0.0,0.0,43.0,,,2976.0,관광호텔업
488,영업중,"서울특별시 동작구 시흥대로 596 (신대방동, 신라스테이해링턴타워)",신라스테이,관광숙박업,191481.81674639,442602.765890516,일반상업지역,19.0,4.0,310.0,,,17338.74,관광호텔업
489,영업중,"서울특별시 강남구 도산대로 205 (신사동, 선샤인 관광호텔)",선샤인 관광호텔,관광숙박업,202471.536204701,446478.944977018,일반주거지역,8.0,1.0,0.0,기타,호텔,9070.19,관광호텔업
490,영업중,"서울특별시 강남구 언주로 640 (논현동, 임페리얼팰리스호텔)",그랜드머큐어 임피리얼팰리스서울,관광숙박업,203102.074986325,445751.652027981,일반주거지역,11.0,4.0,0.0,주택가주변,호텔,19601.0,관광호텔업
491,영업중,"서울특별시 강남구 논현로 645 (논현동, 뉴힐탑호텔)",엘리에나호텔,관광숙박업,202670.053376769,445410.505681503,일반주거지역,15.0,4.0,0.0,기타,숙박시설,21261.88,
492,영업중,"서울특별시 강남구 봉은사로 130 (역삼동, 노보텔 앰배서더 강남 서울)",노보텔 앰배서더 강남,관광숙박업,202482.701418444,444787.812950605,일반주거지역,16.0,6.0,334.0,,숙박시설,41813.29,관광호텔업
493,영업중,서울특별시 강남구 영동대로 712 (청담동),라비타 호텔,관광숙박업,204964.378144648,446579.714676861,일반주거지역,7.0,1.0,0.0,기타,호텔,2848.67,
494,영업중,"서울특별시 강남구 도산대로1길 83 (신사동, 까사미아호텔)",뉴삼화호텔,관광숙박업,201658.416590861,446639.566102925,일반주거지역,4.0,1.0,0.0,기타,숙박시설,3017.7,
495,영업중,"서울특별시 강남구 봉은사로 524, 웨스틴 서울 파르나스 (삼성동)",웨스틴 서울 파르나스,관광숙박업,205130.591678902,445590.096837802,일반상업지역,29.0,6.0,564.0,기타,호텔,109978.95,관광호텔업
496,영업중,"서울특별시 강남구 영동대로 511 (삼성동, 트레이드타워)",호텔 오크우드 프리미어,관광숙박업,205130.591678902,445590.096837802,일반상업지역,26.0,5.0,280.0,기타,숙박시설,55868.53,가족호텔업
497,영업중,서울특별시 강서구 곰달래로 70-1 (화곡동),해담채스테이,관광숙박업,185841.652551744,447544.394615942,일반상업지역,13.0,1.0,51.0,,,1704.61,관광호텔업
498,영업중,서울특별시 강서구 강서로 400 (등촌동),에스알호텔,관광숙박업,185746.535,450996.145,준주거지역,14.0,2.0,82.0,학교정화(상대),,4833.06,관광호텔업
499,영업중,서울특별시 강서구 화곡로68길 116 (등촌동),(주)컴앤스테이 강서,관광숙박업,187554.713371127,450514.96692719,준공업지역,8.0,1.0,87.0,,,2395.85,관광호텔업
500,영업중,"서울특별시 강서구 화곡로 248-13 (화곡동, 필호스텔)",필호스텔,관광숙박업,186358.332102311,449480.163884546,일반상업지역,5.0,1.0,28.0,학교정화(상대),호텔,980.74,호스텔업
501,영업중,"서울특별시 강서구 공항대로 30 (공항동, 로얄스퀘어호텔서울)",로얄스퀘어호텔,관광숙박업,183171.101582153,450946.909086171,일반주거지역,7.0,2.0,100.0,학교정화(상대),숙박시설,8446.4,
502,영업중,서울특별시 강서구 공항대로 663 (염창동),골든서울호텔,관광숙박업,189152.269637156,449524.540786105,,15.0,3.0,260.0,,,12800.1,관광호텔업
503,영업중,서울특별시 금천구 벚꽃로 182 (독산동),홈즈스테이 지밸리 가산,관광숙박업,190008.123794906,441016.561960417,준공업지역,11.0,2.0,180.0,기타,숙박시설,6057.27,호스텔업
504,영업중,"서울특별시 강남구 논현로 736, PATIO7 (논현동)",파티오7,관광숙박업,202516.646578688,446175.67162737,일반주거지역,12.0,4.0,106.0,주택가주변,호텔,5335.19,호스텔업
505,영업중,서울특별시 은평구 응암로9길 6-11 (응암동),와이호텔,관광숙박업,192502.938401601,453954.267292121,일반주거지역,5.0,1.0,0.0,,숙박시설,393.98,소형호텔업
506,영업중,서울특별시 중구 퇴계로8길 93 (회현동1가),남산스토리 나인,관광숙박업,198229.100381804,450386.97375941,일반주거지역,0.0,1.0,9.0,,,535.32,호스텔업
507,영업중,서울특별시 동작구 사당로 297-3 (사당동),플렉스,관광숙박업,198183.049703346,442555.99909338,,9.0,1.0,22.0,,,882.56,호스텔업
508,영업중,"서울특별시 종로구 난계로29길 73, 호텔디엠 (숭인동)",호텔 DM,관광숙박업,201643.277882724,452339.843125652,일반상업지역,9.0,2.0,100.0,학교정화(상대),숙박시설,2994.06,관광호텔업
509,영업중,"서울특별시 중구 삼일대로10길 36, 포포인츠바이쉐라톤서울명동 (저동2가)",(주)조선호텔앤리조트 포포인츠 조선 명동,관광숙박업,198996.366632826,451477.704107715,상업지역,26.0,3.0,375.0,,,20569.5,관광호텔업
510,영업중,"서울특별시 종로구 율곡로 180, 오라카이 대학로 호텔 (원남동)",오라카이 대학로 호텔,관광숙박업,199821.363678095,452603.475535058,일반상업지역,14.0,5.0,232.0,,숙박시설,19412.5,관광호텔업
511,영업중,"서울특별시 중구 을지로 177, 일신빌딩 지상5층 (을지로4가)",코스모하버 인 명동2,관광숙박업,199713.338571725,451623.558170741,일반상업지역,0.0,0.0,3.0,,,221.42,호스텔업
512,영업중,"서울특별시 종로구 종로46길 20, 4, 5층 (창신동)",D-STAY HOSTEL,관광숙박업,200841.176868527,452049.502624754,상업지역,5.0,1.0,15.0,기타,숙박시설,247.94,호스텔업
513,영업중,"서울특별시 종로구 수표로26길 10, 호텔 더메이 7~10층 (돈의동)",더 메이 호텔,관광숙박업,199009.716569888,452188.241668341,일반상업지역,0.0,0.0,25.0,기타,숙박시설,847.4,소형호텔업
514,영업중,"서울특별시 마포구 신촌로4길 10, 2층 (동교동)",비아르떼,관광숙박업,193599.722243995,450582.835698566,준주거지역,2.0,0.0,2.0,,단독주택,77.49,호스텔업
515,영업중,"서울특별시 동대문구 경동시장로12길 43, 1~3층 (제기동)",스테이소소로 청량리역점,관광숙박업,203736.698103202,453329.859255434,,0.0,0.0,8.0,,,256.35,호스텔업
516,영업중,"서울특별시 종로구 보문로1길 8, 루밍하우스코리아 1층 (숭인동)",루나하우스,관광숙박업,201936.189136207,452665.980629598,준주거지역,3.0,1.0,5.0,학교정화(상대),숙박시설,83.36,호스텔업
517,영업중,"서울특별시 성동구 무학로2길 50, 5층 (도선동)",밸류플레이스 호스텔 왕십리역점,관광숙박업,203014.126371125,451106.855353223,상업지역,0.0,0.0,10.0,,,161.54,호스텔업
518,영업중,"서울특별시 중구 퇴계로87길 24-7, 지상1층~지상4층 (황학동)",모먼트맨션,관광숙박업,201818.29808365,451601.672490175,일반상업지역,0.0,0.0,8.0,,,188.5,호스텔업
519,영업중,서울특별시 광진구 아차산로 410 (자양동),풀만 앰배서더 서울 이스트폴,관광숙박업,,,준주거지역,34.0,7.0,150.0,,숙박시설,23717.64,관광호텔업
520,영업중,"서울특별시 중구 을지로 177, 일신빌딩 내 지상2층~지상3층 (을지로4가)",먼슬리브 을지로 호텔 스테이,관광숙박업,199713.338571725,451623.558170741,일반상업지역,0.0,0.0,8.0,,,442.84,호스텔업
521,영업중,"서울특별시 강남구 테헤란로77길 11-16, 4층~6층층 (삼성동)",GOYOO INN & CABINS,관광숙박업,204634.519392881,444971.246947721,일반상업지역,0.0,0.0,5.0,기타,호텔,558.78,호스텔업
522,영업중,"서울특별시 강남구 역삼로3길 17-6, 영준빌딩 2층 (역삼동)",와사비 하우스,관광숙박업,202635.884711305,443611.238049425,일반상업지역,0.0,0.0,7.0,기타,호텔,170.56,호스텔업
523,영업중,"서울특별시 종로구 삼일대로32가길 15, 이레빌딩 1~7층 (익선동)",엠제이호텔,관광숙박업,198946.090371308,452525.716079111,일반상업지역,7.0,1.0,29.0,학교정화(상대),숙박시설,1041.27,호스텔업
524,영업중,"서울특별시 광진구 광나루로 380, 2층 (화양동)",스테이블 380 건대 세종점,관광숙박업,206279.8211319,449481.157001217,상업지역,1.0,0.0,15.0,,,250.31,호스텔업
525,영업중,서울특별시 마포구 마포대로 8 (마포동),호텔 나루,관광숙박업,195002.716187445,448331.067134872,근린상업지역,24.0,5.0,196.0,,,27340.92,관광호텔업
526,영업중,서울특별시 중구 충무로 7 (필동1가),G3호텔,관광숙박업,199303.889590262,451060.843010573,일반상업지역,19.0,4.0,197.0,,,9838.0,관광호텔업
527,영업중,서울특별시 강북구 한천로140길 14 (수유동),제이베이 관광호텔,관광숙박업,202345.969509268,459791.642805507,준주거지역,10.0,1.0,0.0,,,1862.17,관광호텔업
528,영업중,"서울특별시 영등포구 여의대로 108, 파크원호텔 (여의도동)",페어몬트 앰배서더 서울(Fairmont Ambassador Seoul),관광숙박업,193592.000380036,447092.629432527,일반상업지역,30.0,7.0,308.0,,,58932.67,관광호텔업
529,영업중,서울특별시 서대문구 연세로2가길 14 (창천동),렉시호텔,관광숙박업,194423.876624727,450483.045265462,일반상업지역,9.0,1.0,51.0,기타,호텔,1850.0,관광호텔업
530,영업중,"서울특별시 중구 만리재로 211, 지상2층 ∼ 지상10층 (만리동1가)",유에이치 스위트 더 서울,관광숙박업,197118.125654965,450448.652284254,상업지역,0.0,0.0,17.0,,,627.15,호스텔업
531,영업중,서울특별시 금천구 가산로3길 103 (독산동),위너스,관광숙박업,190183.499829289,441092.525925225,준공업지역,10.0,2.0,53.0,,,1770.38,호스텔업
532,영업중,"서울특별시 강남구 논현로149길 40, 화이트린넨하우스 (논현동)",화이트린넨하우스 호스텔,관광숙박업,202166.609544191,446168.480343939,일반주거지역,4.0,1.0,13.0,기타,숙박시설,515.0,호스텔업
533,영업중,"서울특별시 종로구 삼일대로32가길 38, 킹스가든 2~7층 (익선동)",킹스가든,관광숙박업,199022.300982384,452472.976006603,일반상업지역,0.0,0.0,17.0,학교정화(상대),숙박시설,365.04,호스텔업
534,영업중,서울특별시 관악구 신림동1길 6-5 (신림동),그랑블루,관광숙박업,193549.841183338,442753.65108589,일반상업지역,11.0,1.0,38.0,기타,숙박시설,920.43,호스텔업
535,영업중,"서울특별시 종로구 삼일대로17길 46, 신양빌딩 4,5층 (관철동)",수레지던스,관광숙박업,198600.044394976,451890.546463187,일반상업지역,5.0,1.0,17.0,기타,숙박시설,212.96,호스텔업
536,영업중,"서울특별시 종로구 종로 233-1, 메디칼라움빌딩 4, 5층 (종로5가)",EIGHT REST HOSTEL,관광숙박업,200259.754525539,452113.150872578,일반상업지역,6.0,0.0,20.0,학교정화(상대),숙박시설,361.18,호스텔업
537,영업중,"서울특별시 종로구 창경궁로16길 73-4, 브루클린 호텔 (연건동)",브루클린,관광숙박업,200073.606445663,452544.53788058,일반상업지역,10.0,2.0,32.0,학교정화(상대),숙박시설,1330.79,호스텔업
538,영업중,서울특별시 종로구 돈화문로9가길 19 (돈의동),익선 아뜨리에,관광숙박업,199130.409496824,452218.631188846,일반상업지역,4.0,0.0,10.0,기타,숙박시설,251.42,호스텔업
539,영업중,"서울특별시 마포구 월드컵북로2길 19, 2~5층 (동교동)",스테이 더 이룸,관광숙박업,193031.771142009,450456.462818787,근린상업지역,0.0,0.0,7.0,기타,,456.77,호스텔업
540,영업중,"서울특별시 중구 퇴계로20나길 28, 지상1층~지상2층 (남산동2가)",보로인 명동,관광숙박업,198615.1245708,450625.07344537,일반주거지역,1.0,0.0,6.0,,,262.08,호스텔업
541,영업중,"서울특별시 관악구 봉천로 474, 3층 (봉천동)",에스유앤(SUN)스테이 호스텔,관광숙박업,195731.415836726,442186.844682131,,0.0,0.0,0.0,,,143.74,호스텔업
542,영업중,"서울특별시 종로구 종로5길 32-5, 삼선빌딩 4층 (청진동)",스튜디오 밀루 종로광화문점,관광숙박업,198237.929525915,452179.998288835,일반상업지역,6.0,1.0,12.0,기타,숙박시설,228.23,호스텔업
543,영업중,"서울특별시 관악구 남현1길 66, 3~7층 (남현동)",더리프 사당점,관광숙박업,198260.085928707,441503.878702568,일반상업지역,7.0,0.0,14.0,,,632.75,호스텔업
544,영업중,서울특별시 용산구 보광로 103-2 (이태원동),H호스텔,관광숙박업,199451.81421534,447757.249356311,일반주거지역,4.0,1.0,28.0,,숙박시설,685.64,호스텔업
545,영업중,서울특별시 서대문구 이화여대1길 42-3 (대현동),비욘드스위트(BEYOND SUITE),관광숙박업,194928.380121094,450562.353002856,일반상업지역,14.0,1.0,13.0,기타,숙박시설,874.29,호스텔업
546,영업중,"서울특별시 영등포구 영신로30길 14-1, 오베르 (영등포동4가)",오베르,관광숙박업,191332.505449152,446266.920603505,준주거지역,10.0,1.0,62.0,,,1598.83,호스텔업
547,영업중,서울특별시 동작구 노량진로16길 12-12 (노량진동),N.VILLAGE 2,관광숙박업,194919.039574158,445666.227531401,일반상업지역,0.0,0.0,0.0,,,0.0,호스텔업
548,영업중,서울특별시 동작구 노량진로16길 12-19 (노량진동),N.VILLAGE 1,관광숙박업,194910.140878811,445665.682771207,일반상업지역,0.0,0.0,0.0,,,0.0,호스텔업
549,영업중,서울특별시 동작구 노량진로16길 12-14 (노량진동),N.VILLAGE 3,관광숙박업,194920.794467958,445656.069651136,일반상업지역,0.0,0.0,0.0,,,0.0,호스텔업
550,영업중,서울특별시 동작구 노량진로16길 12-17 (노량진동),N.VILLAGE 4,관광숙박업,194911.408082466,445652.471346623,일반상업지역,0.0,0.0,0.0,,,0.0,호스텔업
551,영업중,"서울특별시 종로구 종로62길 17, 케이디오피스텔 4~5층 (숭인동)",케이디 호스텔,관광숙박업,201649.840328936,452323.368074798,일반상업지역,9.0,2.0,19.0,학교정화(상대),숙박시설,518.08,호스텔업
552,영업중,서울특별시 강서구 남부순환로 188 (외발산동),시선호텔,관광숙박업,183993.393147385,449605.865701793,,6.0,2.0,50.0,,,3196.41,관광호텔업
553,영업중,"서울특별시 종로구 종로 286 (창신동, 이스턴호텔)",동대문관광호텔,관광숙박업,200846.171043058,452069.005122414,,7.0,2.0,52.0,,,3798.73,관광호텔업
554,영업중,"서울특별시 종로구 청계천로 137 (장사동, 센트럴관광호텔)",센추럴,관광숙박업,199302.818541341,451834.817165156,,9.0,1.0,78.0,,,6309.22,관광호텔업
555,영업중,"서울특별시 종로구 청계천로 341 (창신동, 삼호호텔)",VATICA HOTEL(바티카 호텔),관광숙박업,201302.883783666,451982.388503793,,7.0,1.0,50.0,,,3292.0,관광호텔업
556,영업중,서울특별시 중구 퇴계로 176 (남학동),홈즈레드 명동,관광숙박업,199161.680844774,450949.674631487,,14.0,2.0,112.0,,,5464.26,관광호텔업
557,영업중,서울특별시 중구 을지로 238 (을지로6가),노보텔 앰배서더 서울 동대문 호텔,관광숙박업,200314.646974736,451554.066925226,일반상업지역,20.0,5.0,331.0,,,24505.0,관광호텔업
558,영업중,서울특별시 중구 을지로 238 (을지로6가),노보텔 앰배서더 서울 동대문 레지던스,관광숙박업,200314.646974736,451554.066925226,일반상업지역,20.0,5.0,192.0,,,19996.0,가족호텔업
559,영업중,서울특별시 중구 퇴계로 67 (회현동1가),(주)조선호텔앤리조트 레스케이프,관광숙박업,198118.296565976,450847.771205029,일반상업지역,0.0,0.0,204.0,,,27476.0,관광호텔업
560,영업중,서울특별시 중구 퇴계로 137 (충무로2가),호텔롯데 엘세븐명동,관광숙박업,198780.018679349,451009.773589561,,19.0,3.0,251.0,,,15016.24,관광호텔업
561,영업중,"서울특별시 중구 동호로 354 (을지로5가, 극동 스타클래스)",라마다 바이 윈덤 서울 동대문 (RAMADA BY WYNDHAM SEOUL DONGDAEMUN),관광숙박업,200161.192418006,451521.415517111,,12.0,4.0,197.0,,,11378.16,관광호텔업
562,영업중,"서울특별시 중구 장충단로 213, 3-7층 (광희동2가, 동훈빌딩)",케이 게스트하우스 동대문프리미엄점,관광숙박업,200526.656361295,451268.298685031,,0.0,0.0,44.0,,,993.3,호스텔업
563,영업중,"서울특별시 중구 퇴계로 343-1 (광희동2가, 동양빌딩)",96번지,관광숙박업,200792.068633415,451392.78961175,,0.0,0.0,15.0,,,409.41,호스텔업
564,영업중,"서울특별시 중구 남대문로 9 (남대문로4가, 남대문호텔)",주식회사 티시스 호텔,관광숙박업,197891.564897442,450990.593465563,,0.0,0.0,409.0,,,31836.37,관광호텔업
565,영업중,서울특별시 중구 동호로 359 (을지로5가),트레블로지 동대문 호텔,관광숙박업,200096.930688028,451569.92963808,,20.0,4.0,242.0,,,8176.29,관광호텔업
566,영업중,서울특별시 중구 퇴계로31길 9 (필동1가),픽셀스테이 명동점,관광숙박업,199238.837477244,451039.792552027,상업지역,0.0,0.0,19.0,,,306.33,호스텔업
567,영업중,"서울특별시 중구 명동7길 13 (명동1가, 명동증권빌딩)",호텔 28,관광숙박업,198514.126767917,451341.512309466,,0.0,0.0,83.0,,,4668.84,관광호텔업
568,영업중,"서울특별시 중구 명동9길 22 (을지로2가, 호텔스카이파크 2)",호텔스카이파크명동Ⅱ,관광숙박업,198609.654267051,451404.404906149,,15.0,10.0,131.0,,,7111.91,관광호텔업
569,영업중,서울특별시 중구 남대문로 56 (명동2가),알로프트서울명동호텔,관광숙박업,198333.33582458,451110.784887572,,20.0,5.0,223.0,,,12964.45,관광호텔업
570,영업중,"서울특별시 중구 소공로6길 29, 1.2.5층 (남산동2가)",원투쓰리호스텔,관광숙박업,198584.797257551,450705.210249383,일반주거지역,2.0,0.0,17.0,학교정화(상대),숙박시설,386.04,호스텔업
571,영업중,"서울특별시 중구 퇴계로56길 18 (쌍림동, 영빈대중사우나)",영빈호텔,관광숙박업,200419.832186515,451197.291107237,,0.0,0.0,75.0,,,3108.69,호스텔업
572,영업중,"서울특별시 중구 장충단로13길 20 (을지로6가, 현대시티타워)",호텔 스카이파크 킹스타운 동대문지점,관광숙박업,200613.510297669,451817.515366883,,0.0,0.0,408.0,,,25757.87,가족호텔업
573,영업중,서울특별시 중구 마른내로 28 (초동),나인트리 바이 파르나스 서울 명동Ⅱ,관광숙박업,199128.553284601,451340.595494209,일반상업지역,17.0,5.0,408.0,,,25608.0,관광호텔업
574,영업중,"서울특별시 중구 퇴계로18길 67 (남산동2가, 기사빌딩)",남산호스텔,관광숙박업,198567.904318412,450646.387187539,일반주거지역,5.0,1.0,20.0,학교정화(상대),,999.0,호스텔업
575,영업중,서울특별시 중구 수표로 24 (저동2가),G2 호텔,관광숙박업,199088.322667,451230.610149193,,14.0,3.0,126.0,,,6601.21,관광호텔업
576,영업중,서울특별시 중구 퇴계로18길 37 (남산동2가),오요 5 롯지B (OYO 5 Lodge B),관광숙박업,198607.670947146,450770.829936259,,0.0,0.0,10.0,,,166.54,호스텔업
577,영업중,서울특별시 중구 퇴계로18길 41 (남산동2가),오요5 롯지A(OYO 5 Lodge A),관광숙박업,198602.1192505,450758.364666589,,0.0,0.0,11.0,,,178.54,호스텔업
578,영업중,서울특별시 중구 퇴계로66길 7-1 (광희동2가),리플러스 호스텔,관광숙박업,200758.994732114,451302.330983146,,0.0,0.0,8.0,,,129.0,호스텔업
579,영업중,"서울특별시 중구 퇴계로 293, 호텔더디자이너스디디피 (쌍림동)",호텔더디자이너스 디디피,관광숙박업,200292.658269708,451281.027011703,일반상업지역,19.0,3.0,86.0,,,2965.47,관광호텔업
580,영업중,"서울특별시 중구 세종대로16길 26, 호텔 토마스 명동 (북창동)",호텔 토마스 명동,관광숙박업,198018.679926506,451207.729791045,,0.0,0.0,123.0,,,6027.18,관광호텔업
581,영업중,서울특별시 중구 퇴계로20길 32-10 (남산동2가),호텔룩홈,관광숙박업,198676.510359648,450673.848023552,일반주거지역,3.0,1.0,16.0,학교정화(상대),,484.97,호스텔업
582,영업중,"서울특별시 송파구 백제고분로 268 (삼전동, 세경빌딩)",호텔인피니,관광숙박업,208426.169119403,444447.682227261,일반주거지역,8.0,1.0,40.0,주택가주변,호텔,1463.34,관광호텔업
583,영업중,"서울특별시 송파구 백제고분로22길 5, 2층 (삼전동, 한강빌딩)",24게스트하우스(서울 잠실점),관광숙박업,207835.820419818,444569.108630582,,2.0,0.0,6.0,,,168.48,호스텔업
584,영업중,"서울특별시 송파구 오금로11길 21-9 (방이동, 대신파크)",주식회사 딜라이트 호텔,관광숙박업,209595.213143028,445912.216884712,,10.0,1.0,71.0,,,2349.0,관광호텔업
585,영업중,서울특별시 송파구 오금로11길 55-16 (방이동),HOTEL RAUM(라움),관광숙박업,209996.0,445952.865,일반상업지역,9.0,1.0,51.0,,호텔,3180.9,관광호텔업
586,영업중,"서울특별시 송파구 송파대로 385 (석촌동, 성룡빌딩)",CORNER HOTEL,관광숙박업,209635.621974575,444386.042979275,,5.0,1.0,39.0,,,2166.0,관광호텔업
587,영업중,서울특별시 송파구 올림픽로 300 (신천동),시그니엘 서울(SIGNIEL SEOUL),관광숙박업,209074.900840074,445657.80932984,,26.0,0.0,235.0,,,67097.0,관광호텔업
588,영업중,"서울특별시 송파구 송파대로 111 (문정동, 파크하비오)",호텔 파크하비오,관광숙박업,210868.397496689,442053.227933005,,19.0,5.0,472.0,,,22234.0,관광호텔업
589,영업중,"서울특별시 송파구 삼전로 67 (잠실동, 잠실관광호텔)",잠실스테이,관광숙박업,207714.534207806,444749.931404748,준주거지역,7.0,2.0,53.0,,숙박시설,3814.44,관광호텔업
590,영업중,"서울특별시 송파구 송파대로28길 5 (가락동, 가락관광호텔)",가락관광호텔,관광숙박업,210429.157119053,443526.648866499,일반상업지역,8.0,3.0,71.0,기타,호텔,4838.25,관광호텔업
591,영업중,"서울특별시 송파구 석촌호수로 216 (석촌동, 호텔 레이크)",레이크호텔,관광숙박업,208851.639893799,444965.4232772,,10.0,4.0,94.0,,호텔,9656.35,관광호텔업
592,영업중,"서울특별시 송파구 송파대로28길 11 (가락동, 캘리포니아관광호텔)",캘리포니아호텔,관광숙박업,210463.282485743,443549.893536475,,12.0,3.0,131.0,,호텔,10601.32,관광호텔업
593,영업중,"서울특별시 송파구 올림픽로10길 5 (잠실동, 파로스관광호텔)",(주)파로스 관광호텔,관광숙박업,207106.032236098,445432.48407791,상업지역,14.0,5.0,52.0,아파트지역,숙박시설,4485.52,관광호텔업
594,영업중,서울특별시 송파구 삼학사로 98 (석촌동),로사나부띠끄 관광호텔,관광숙박업,208554.799609279,444868.79542744,상업지역,14.0,4.0,81.0,,,5242.13,관광호텔업
595,영업중,서울특별시 영등포구 선유로 100 (양평동1가),Chateau 관광호텔,관광숙박업,190239.788949405,446733.426326781,준공업지역,10.0,1.0,34.0,,숙박시설,947.12,관광호텔업
596,영업중,"서울특별시 영등포구 경인로114나길 6 (영등포동1가, VIP빌딩)",브이아이피(VIP),관광숙박업,192277.657623886,446153.532108237,준주거지역,1.0,6.0,20.0,,,985.49,호스텔업
597,영업중,"서울특별시 영등포구 경인로 867 (영등포동3가, GMS호텔)",호텔 지엠에스[HOTEL GMS],관광숙박업,191885.845586766,446144.883366505,일반상업지역,20.0,2.0,159.0,,호텔,7665.21,관광호텔업
598,영업중,서울특별시 영등포구 영등포로 389 (신길동),셀립 여의,관광숙박업,193001.202811156,445744.288122131,,20.0,2.0,130.0,학교정화(상대),호텔,4886.43,관광호텔업
599,영업중,서울특별시 영등포구 영등포로47길 11-1 (영등포동2가),여울,관광숙박업,191847.316061857,446470.256871214,준주거지역,8.0,1.0,25.0,,,599.79,호스텔업
600,영업중,서울특별시 영등포구 선유동1로 6-18 (당산동2가),가온누리,관광숙박업,190427.684817138,446681.479810914,준공업지역,8.0,1.0,37.0,,,938.98,호스텔업
601,영업중,서울특별시 영등포구 당산로16길 13-1 (당산동1가),다담,관광숙박업,190876.344610656,446715.096332249,준공업지역,7.0,1.0,18.0,,,393.67,호스텔업
602,영업중,서울특별시 영등포구 당산로20길 6 (당산동1가),베스트웨이,관광숙박업,190808.816420331,446805.883888587,준공업지역,8.0,1.0,22.0,학교정화(상대),,490.75,호스텔업
603,영업중,서울특별시 영등포구 양평로 136 (양평동5가),유니언호텔,관광숙박업,190476.526523265,448495.794800958,준공업지역,14.0,4.0,94.0,학교정화(상대),,9727.52,관광호텔업
604,영업중,서울특별시 영등포구 양산로1길 5 (양평동3가),호텔AROZO 2,관광숙박업,189680.769993867,447133.971430075,준공업지역,9.0,1.0,27.0,기타,숙박시설,731.0,소형호텔업
605,영업중,서울특별시 영등포구 영신로32길 8 (영등포동4가),호텔 씨엘,관광숙박업,191253.377465488,446321.437344249,준주거지역,9.0,1.0,49.0,기타,호텔,1839.24,관광호텔업
606,영업중,서울특별시 영등포구 영신로34길 33 (영등포동4가),JARDIN HOTEL,관광숙박업,191503.413709394,446331.214545378,준주거지역,10.0,1.0,36.0,,숙박시설,977.87,관광호텔업
607,영업중,"서울특별시 성동구 왕십리로20길 19 (도선동, 아모렉스 관광호텔)",아모렉스 관광호텔,관광숙박업,203049.085092078,451259.786486629,상업지역,10.0,2.0,56.0,,호텔,3928.47,관광호텔업
608,영업중,서울특별시 성동구 자동차시장1길 29 (용답동),새턴호텔(SATURN HOTEL),관광숙박업,205306.029406852,451019.471122131,준주거지역,7.0,1.0,30.0,기타,숙박시설,1582.67,관광호텔업
609,영업중,서울특별시 성동구 무학로2길 47 (도선동),컬리넌 호텔 앤 스파,관광숙박업,203006.379794188,451150.696474495,일반상업지역,10.0,2.0,70.0,,,3085.5,관광호텔업
610,영업중,서울특별시 성동구 자동차시장1길 27 (용답동),호스텔 27,관광숙박업,205288.987166136,451015.467879096,준주거지역,4.0,1.0,27.0,기타,숙박시설,1117.0,호스텔업
611,영업중,"서울특별시 성동구 왕십리로 339-1, 6~10층 (하왕십리동)",케이그랜드 호스텔(K-Grand Hostel),관광숙박업,202756.732460612,451193.426474206,,0.0,0.0,22.0,,,640.3,호스텔업
612,영업중,서울특별시 용산구 이태원로 179 (이태원동),해밀톤관광호텔,관광숙박업,199362.51518342,448070.485388482,일반상업지역,9.0,4.0,166.0,유흥업소밀집지역,호텔,26806.67,관광호텔업
613,영업중,서울특별시 용산구 소월로 322 (한남동),서울미라마(유)그랜드하얏트서울,관광숙박업,199737.097413554,448587.753314794,일반주거지역,17.0,2.0,620.0,,호텔,62156.19,관광호텔업
614,영업중,"서울특별시 종로구 창경궁로 224, 2,3층 (명륜4가, 서울시티빌딩)",호스텔 데이,관광숙박업,199747.024385135,453304.910568114,일반상업지역,0.0,0.0,13.0,,숙박시설,348.6,호스텔업
615,영업중,서울특별시 종로구 난계로29길 19-11 (숭인동),루미아호텔,관광숙박업,201895.419403144,452395.129773561,일반상업지역,14.0,1.0,61.0,,,1997.89,관광호텔업
616,영업중,"서울특별시 용산구 청파로20길 95, 서울드래곤시티 (한강로3가)",(주)서부티엔디 노보텔 앰배서더 서울 용산,관광숙박업,196610.663839509,447742.348636253,일반상업지역,40.0,4.0,621.0,,,185482.48,관광호텔업
617,영업중,서울특별시 종로구 종로46길 22 (창신동),24guesthouse동대문마켓점,관광숙박업,200833.121381281,452040.323909642,일반상업지역,5.0,1.0,10.0,,,151.96,호스텔업
618,영업중,"서울특별시 종로구 종로16길 32-4, 동산빌딩 3,4,5층 (관철동)",호스텔 클로이,관광숙박업,198924.493311656,451826.54074884,일반상업지역,0.0,0.0,19.0,,,292.8,호스텔업
619,영업중,서울특별시 종로구 율곡로 179 (원남동),메이플레이스 호텔 서울 동대문,관광숙박업,199818.769709814,452646.808088738,일반상업지역,13.0,2.0,105.0,,,4942.71,관광호텔업
620,영업중,서울특별시 종로구 율곡로10길 11 (권농동),셀립 순라,관광숙박업,199156.623916493,452747.807991092,일반상업지역,5.0,1.0,30.0,,숙박시설,1353.48,호스텔업
621,영업중,서울특별시 은평구 은평로8길 1 (응암동),브릭스관광호텔,관광숙박업,192971.089564435,455290.104972775,준주거지역,10.0,2.0,0.0,,호텔,2901.0,관광호텔업
622,영업중,서울특별시 은평구 통일로80길 7 (불광동),호텔 맥,관광숙박업,192984.719960486,457530.548559106,일반상업지역,9.0,1.0,0.0,,숙박시설,999.0,호스텔업
623,영업중,서울특별시 중구 명동8나길 10 (충무로1가),사보이호텔,관광숙박업,198543.644700379,451049.580620366,,8.0,1.0,105.0,,,4830.0,관광호텔업
624,영업중,서울특별시 중구 명동9가길 14 (을지로2가),메트로호텔,관광숙박업,198492.801933133,451427.348965871,,9.0,1.0,78.0,,,4274.81,관광호텔업
625,영업중,서울특별시 용산구 이태원로 221 (한남동),임피리얼팰리스 부티크호텔(Imperial Palace Boutique Hotel),관광숙박업,199788.755748324,448121.175798434,준주거지역,11.0,4.0,128.0,기타,호텔,715.24,관광호텔업
626,영업중,서울특별시 용산구 장문로 23 (이태원동),몬드리안 서울 이태원,관광숙박업,199337.628628981,447413.487156381,일반주거지역,16.0,6.0,297.0,,호텔,38559.95,관광호텔업
627,영업중,서울특별시 중구 삼일대로2길 50 (예장동),오리엔스 호텔 앤 레지던스,관광숙박업,199159.933187356,450864.449621814,일반주거지역,5.0,4.0,116.0,,호텔,10421.97,가족호텔업
628,영업중,서울특별시 중구 삼일대로 302 (충무로2가),이비스 스타일 앰배서더 서울 명동,관광숙박업,198990.202955049,451044.895347229,일반상업지역,20.0,4.0,180.0,,호텔,7406.53,관광호텔업
629,영업중,서울특별시 중구 충무로 23-1 (충무로3가),스테이비호텔 명동,관광숙박업,199295.433977253,451227.87958574,일반상업지역,12.0,2.0,97.0,,호텔,3383.64,관광호텔업
630,영업중,서울특별시 중구 퇴계로 216 (충무로4가),호텔 도마,관광숙박업,199560.411618029,451005.647814461,일반주거지역,6.0,1.0,50.0,,호텔,2312.22,관광호텔업
631,영업중,서울특별시 중구 수표로 61 (을지로2가),트레블로지 명동 을지로 호텔,관광숙박업,198991.480652031,451591.912071216,일반상업지역,15.0,4.0,224.0,,호텔,9973.62,관광호텔업
632,영업중,서울특별시 영등포구 선유로 88-6 (양평동1가),노바루스관광호텔,관광숙박업,190268.75349914,446608.475784343,준공업지역,7.0,2.0,30.0,유흥업소밀집지역,호텔,1140.11,관광호텔업
633,영업중,서울특별시 영등포구 영등포로 9 (양평동2가),호텔 브릿지,관광숙박업,189552.021760333,446847.704378567,준공업지역,13.0,1.0,83.0,학교정화(상대),호텔,2519.0,관광호텔업
634,영업중,서울특별시 영등포구 국회대로76길 16 (여의도동),켄싱턴호텔 여의도,관광숙박업,193019.645823279,447560.162310375,,15.0,2.0,228.0,,,22326.8,관광호텔업
635,영업중,"서울특별시 영등포구 여의대로 8 (여의도동, 여의도파크센터)",메리어트 이그제큐티브 아파트먼트 서울,관광숙박업,192739.314354154,446552.469845648,,0.0,0.0,103.0,,,20997.37,가족호텔업
636,영업중,"서울특별시 영등포구 영중로 15 (영등포동4가, 타임스퀘어)",코트야드 바이 메리어트 서울 타임스퀘어,관광숙박업,191385.057392247,446098.555926507,일반상업지역,15.0,5.0,283.0,기타,숙박시설,25302.52,관광호텔업
637,영업중,"서울특별시 종로구 삼봉로 71 (수송동, G타워)",신라스테이 광화문,관광숙박업,198260.063190604,452262.484573124,일반상업지역,18.0,5.0,338.0,,,17595.08,관광호텔업
638,영업중,"서울특별시 종로구 창경궁로 106, 호텔아트리움 (인의동)",호텔 아트리움,관광숙박업,199764.69151091,452177.255224359,일반상업지역,12.0,5.0,139.0,,호텔,9968.21,관광호텔업
639,영업중,서울특별시 영등포구 국제금융로 10 (여의도동),콘래드 서울 호텔,관광숙박업,193326.931018911,446973.914570276,상업지역,38.0,7.0,434.0,,호텔,93115.1,관광호텔업
640,영업중,서울특별시 영등포구 의사당대로 16 (여의도동),글래드호텔앤리조트(주) 글래드 여의도,관광숙박업,192622.209000336,447248.142200812,상업지역,12.0,5.0,319.0,기타,숙박시설,24414.51,관광호텔업
641,영업중,"서울특별시 영등포구 버드나루로 90 (당산동, 스카이리버)",호텔 아벤트리 여의도,관광숙박업,191894.785267023,447125.235782221,일반상업지역,7.0,1.0,88.0,학교정화(상대),호텔,3397.12,관광호텔업
642,영업중,서울특별시 영등포구 양산로1길 3-1 (양평동3가),호텔AROZO,관광숙박업,189670.698184757,447129.428172873,준공업지역,9.0,1.0,27.0,기타,숙박시설,731.0,소형호텔업
643,영업중,서울특별시 영등포구 선유동2로 72 (당산동5가),로프트 관광호텔(HOTEL LOFT),관광숙박업,190981.422688886,448051.590520012,,10.0,2.0,58.0,,,3530.42,관광호텔업
644,영업중,"서울특별시 종로구 종로54길 9-10, 2,3층 (창신동)",동대문 서울달빛,관광숙박업,201214.620228217,452180.406567952,일반상업지역,3.0,0.0,19.0,,숙박시설,385.19,호스텔업
645,영업중,서울특별시 종로구 돈화문로11길 33 (낙원동),메이커스호텔,관광숙박업,199006.673946375,452233.299150748,일반상업지역,10.0,2.0,42.0,,숙박시설,1603.84,관광호텔업
646,영업중,서울특별시 종로구 난계로 241 (숭인동),아이비씨호텔,관광숙박업,201949.270716491,452329.735166543,일반상업지역,5.0,2.0,55.0,,호텔,2996.75,관광호텔업
647,영업중,"서울특별시 종로구 청계천로 61, 10~12층 (관철동)",호스텔 하루,관광숙박업,198545.22241783,451854.820889784,일반상업지역,0.0,0.0,14.0,유흥업소밀집지역,숙박시설,588.1,호스텔업
648,영업중,"서울특별시 서대문구 신촌로 155, 8층 (대현동, 해암빌딩)",서울그랜드호스텔 이대,관광숙박업,194929.750810335,450514.690947083,상업지역,8.0,2.0,19.0,기타,숙박시설,512.62,호스텔업
649,영업중,"서울특별시 서대문구 신촌로 155, 6층 (대현동, 해암빌딩)",서울 코지 호스텔,관광숙박업,194929.750810335,450514.690947083,상업지역,8.0,2.0,16.0,기타,,420.0,호스텔업
650,영업중,서울특별시 서대문구 연세로2나길 5 (창천동),호텔 밀하우스,관광숙박업,194447.060323027,450457.441284914,상업지역,9.0,1.0,47.0,학교정화(상대),호텔,1670.64,관광호텔업
651,영업중,서울특별시 종로구 삼일대로32가길 20 (익선동),ICON,관광숙박업,198951.339009067,452506.320099222,일반상업지역,9.0,1.0,28.0,기타,근린생활시설,860.92,호스텔업
652,영업중,서울특별시 종로구 삼일대로32가길 33 (익선동),호텔 다다-인사,관광숙박업,199006.378605147,452484.083300535,일반상업지역,9.0,1.0,36.0,학교정화(상대),숙박시설,956.0,호스텔업
653,영업중,서울특별시 중구 퇴계로45길 32-37 (오장동),모닝스카이호텔,관광숙박업,199921.397507532,451313.003647556,일반상업지역,0.0,0.0,88.0,학교정화(상대),,1129.94,관광호텔업
654,영업중,서울특별시 중구 필동로8길 77 (예장동),하센영인호텔,관광숙박업,199329.785160077,450473.272809688,일반주거지역,3.0,2.0,24.0,,호텔,1257.96,소형호텔업
655,영업중,서울특별시 용산구 한강대로 366 (동자동),(주)조선호텔앤리조트 포포인츠 조선 서울역,관광숙박업,197525.407310462,449844.319841559,일반상업지역,30.0,6.0,342.0,,숙박시설,19940.11,관광호텔업
656,영업중,"서울특별시 용산구 이태원로20길 2-8 (이태원동, 에이원호텔)",에이원호텔,관광숙박업,199190.671806282,447977.234335253,준주거지역,6.0,1.0,21.0,기타,숙박시설,738.84,소형호텔업
657,영업중,"서울특별시 용산구 한강대로 385, 3~4층 (동자동)",케이 그랜드 호텔 서울(K-Grand Hotel Seoul),관광숙박업,197478.685653861,450063.434682284,일반상업지역,5.0,1.0,30.0,,숙박시설,583.54,관광호텔업
658,영업중,서울특별시 용산구 한강대로 305 (갈월동),호텔 더 디자이너스,관광숙박업,197419.271266145,449254.786813543,일반상업지역,20.0,3.0,100.0,,숙박시설,5006.45,관광호텔업
659,영업중,"서울특별시 종로구 삼일대로30길 9 (낙원동, 종로 크라운 호텔)",종로크라운,관광숙박업,198886.944446027,452419.42955676,,8.0,2.0,80.0,,,4285.76,관광호텔업
660,영업중,"서울특별시 종로구 평창문화로 136 (평창동, 킴스관광호텔)",동화킴스관광호텔,관광숙박업,197733.39181877,456346.84737021,,4.0,2.0,51.0,,,3170.38,관광호텔업
661,영업중,서울특별시 종로구 인사동4길 18 (낙원동),오라카이 인사동 스위츠,관광숙박업,198811.497417806,452301.907780717,일반상업지역,24.0,6.0,213.0,학교정화(상대),호텔,45510.23,가족호텔업
662,영업중,서울특별시 종로구 청계천로 117 (관수동),호텔베뉴지,관광숙박업,199121.144814384,451827.704774757,일반상업지역,12.0,1.0,163.0,,,6629.01,관광호텔업
663,영업중,서울특별시 종로구 인사동5길 38 (관훈동),아미드 호텔 서울,관광숙박업,198534.549198735,452256.166993396,상업지역,14.0,4.0,250.0,,숙박시설,15679.42,관광호텔업
664,영업중,서울특별시 영등포구 양평로 132 (양평동5가),위브 스위트 - 선유 파크사이드,관광숙박업,190507.597888342,448477.522453196,준공업지역,14.0,3.0,157.0,학교정화(상대),,9317.87,가족호텔업
665,영업중,"서울특별시 영등포구 경인로108길 15, 코코아관광호텔 (영등포동1가)",베니키아 호텔 카카오,관광숙박업,192140.073900686,446141.887053246,일반상업지역,12.0,2.0,44.0,,호텔,1574.46,관광호텔업
666,영업중,서울특별시 성북구 동소문로20나길 39 (동선동1가),D.H 네상스,관광숙박업,201563.230548898,454500.673992299,일반상업지역,8.0,1.0,36.0,,숙박시설,2006.44,관광호텔업
667,영업중,"서울특별시 성북구 아리랑로 8 (동선동4가, 베스트웨스턴성북관광호텔)",아리랑힐 호텔 동대문,관광숙박업,201393.678553282,454585.85117722,일반상업지역,17.0,2.0,190.0,기타,호텔,9785.0,관광호텔업
668,영업중,"서울특별시 성북구 동소문로 130 (동선동1가, 에이치에비뉴 성신여대점 호텔)",H에비뉴 성신여대점,관광숙박업,201618.705032679,454656.75912558,준주거지역,10.0,2.0,53.0,,,2175.35,관광호텔업
669,영업중,서울특별시 성북구 동소문로 126 (동선동1가),호텔 디 아티스트 성신여대점,관광숙박업,201587.018198857,454621.644166732,일반상업지역,11.0,2.0,48.0,,숙박시설,2107.3,관광호텔업
670,영업중,"서울특별시 용산구 청파로20길 95 (한강로3가, 서울드래곤시티)",(주)서부티엔디 그랜드 머큐어 앰버서더 서울 용산,관광숙박업,196610.663839509,447742.348636253,일반상업지역,32.0,4.0,196.0,,숙박시설,8811.4,가족호텔업
671,영업중,"서울특별시 용산구 청파로20길 95, 서울드래곤시티 (한강로3가)",(주)서부티엔디 이비스 스타일 앰배서더 서울 용산,관광숙박업,196610.663839509,447742.348636253,일반상업지역,34.0,4.0,591.0,,숙박시설,63582.9,관광호텔업
672,영업중,서울특별시 종로구 새문안로 97 (당주동),포시즌스 호텔 서울,관광숙박업,197758.993026787,452053.420838552,일반상업지역,25.0,7.0,317.0,,호텔,67264.89,관광호텔업
673,영업중,서울특별시 종로구 돈화문로 66 (와룡동),Hostel Tommy 호스텔 토미,관광숙박업,199153.425066203,452459.177175342,일반상업지역,4.0,0.0,21.0,기타,숙박시설,234.71,호스텔업
674,영업중,서울특별시 종로구 율곡로6길 13-3 (운니동),노블관광호텔,관광숙박업,199016.856080944,452710.006795455,일반상업지역,5.0,1.0,34.0,학교정화(상대),숙박시설,1228.72,관광호텔업
675,영업중,서울특별시 종로구 돈화문로 85 (와룡동),바운드 호스텔,관광숙박업,199074.670635062,452648.894407231,일반상업지역,5.0,1.0,30.0,학교정화(상대),숙박시설,1481.0,호스텔업
676,영업중,"서울특별시 종로구 삼일대로30길 31 (익선동, 호텔 이비스앰배서더 인사동)",호텔 이비스앰배서더 인사동,관광숙박업,198977.911015975,452460.663046516,상업지역,10.0,2.0,363.0,,호텔,14346.3,관광호텔업
677,영업중,서울특별시 종로구 청계천로 279 (종로6가),(주) 동승 JW메리어트 동대문 스퀘어 서울,관광숙박업,200717.7490316,452011.865092338,일반상업지역,10.0,6.0,170.0,,숙박시설,41730.0,관광호텔업
678,영업중,서울특별시 중구 퇴계로 19 (남대문로5가),호텔마누,관광숙박업,197711.630119852,450541.171402454,,10.0,3.0,80.0,,,4320.93,관광호텔업
679,영업중,서울특별시 중구 명동10길 51 (충무로2가),나인트리 바이 파르나스 서울 명동Ⅰ,관광숙박업,198695.658587016,451034.509517585,,0.0,0.0,144.0,,,6814.0,관광호텔업
680,영업중,서울특별시 중구 명동8가길 38 (충무로2가),더 그랜드호텔 명동,관광숙박업,198797.29864019,451041.893325607,중심상업지역,7.0,2.0,50.0,,호텔,2215.0,관광호텔업
681,영업중,서울특별시 중구 세종대로 58 (남대문로4가),프레이저플레이스남대문,관광숙박업,197847.754499522,451011.231861517,,3.0,16.0,252.0,,,17556.0,관광호텔업
682,영업중,서울특별시 중구 세종대로16길 22 (북창동),클라벤 호텔 명동 시티홀,관광숙박업,197996.303190059,451214.940443595,,11.0,3.0,129.0,,,5758.45,관광호텔업
683,영업중,"서울특별시 중구 퇴계로 145 (충무로2가, 세종호텔)",세종호텔,관광숙박업,198866.36491721,451021.050960516,,0.0,0.0,333.0,,,22928.0,관광호텔업
684,영업중,서울특별시 중구 퇴계로20길 2 (남산동2가),퍼시픽호텔,관광숙박업,198644.069040474,450827.86176286,,0.0,0.0,181.0,,,13520.0,관광호텔업
685,영업중,서울특별시 중구 소공로 119 (태평로2가),플라자호텔,관광숙박업,197979.021229862,451376.783371586,,0.0,0.0,313.0,,,37765.0,관광호텔업
686,영업중,서울특별시 중구 동호로 249 (장충동2가),호텔신라,관광숙박업,200463.625303538,450497.460903907,,0.0,0.0,464.0,,,82657.0,관광호텔업
687,영업중,"서울특별시 중구 을지로 30 (소공동, 롯데호텔)",호텔롯데,관광숙박업,198259.65357739,451392.198218657,,0.0,0.0,0.0,,,192711.81,관광호텔업
688,영업중,서울특별시 중구 명동길 61 (명동1가),로얄호텔서울,관광숙박업,198662.073220851,451337.206272624,,21.0,2.0,310.0,,,20164.0,관광호텔업
689,영업중,"서울특별시 용산구 청파로20길 95 (한강로3가, 서울드래곤시티)",(주)서부티엔디 노보텔 스위트 앰배서더 서울 용산,관광숙박업,196610.663839509,447742.348636253,일반상업지역,40.0,4.0,286.0,,숙박시설,185482.48,가족호텔업
690,영업중,서울특별시 은평구 진흥로 205 (불광동),벨라지오 관광호텔,관광숙박업,193927.400168406,456349.249578345,준주거지역,8.0,2.0,52.0,주택가주변,호텔,3820.83,관광호텔업
691,영업중,서울특별시 은평구 통일로 585-1 (응암동),호텔씨에스에비뉴,관광숙박업,194316.347775038,455199.649918255,일반주거지역,11.0,2.0,0.0,기타,숙박시설,2629.92,관광호텔업
692,영업중,서울특별시 중구 남대문로5길 17-5 (북창동),서울호텔신신,관광숙박업,198047.674063427,451117.674050616,일반상업지역,7.0,3.0,75.0,,호텔,3020.92,관광호텔업
693,영업중,서울특별시 중구 장충단로 198 (장충동1가),써미트호텔,관광숙박업,200538.850127418,451107.614340285,,9.0,3.0,190.0,,,9026.49,관광호텔업
694,영업중,서울특별시 중구 동호로 335 (오장동),스카이파크호텔 동대문1호점,관광숙박업,200113.999615549,451324.026100645,상업지역,19.0,2.0,254.0,학교정화(상대),호텔,8243.76,관광호텔업
695,영업중,서울특별시 중구 퇴계로 107 (충무로1가),데이즈 호텔 명동,관광숙박업,198484.096465671,450963.971753178,중심상업지역,11.0,2.0,64.0,기타,호텔,2932.36,관광호텔업
696,영업중,서울특별시 중구 창경궁로 20 (예관동),뉴 블랑 센트럴 명동,관광숙박업,199812.204706685,451319.127469002,일반상업지역,18.0,2.0,181.0,학교정화(상대),호텔,6076.97,관광호텔업
697,영업중,"서울특별시 중구 세종대로 135 (태평로1가, 코리아나호텔)",코리아나호텔,관광숙박업,197867.156641113,451779.880897566,,0.0,0.0,285.0,,,31896.0,관광호텔업
698,영업중,서울특별시 중구 장충단로 60 (장충동2가),반얀트리 클럽 앤 스파 서울,관광숙박업,200193.232424569,449809.744684888,,21.0,2.0,50.0,,,21393.0,가족호텔업
699,영업중,서울특별시 중구 을지로 164 (을지로4가),호텔 국도,관광숙박업,199603.040706779,451543.643423302,일반상업지역,21.0,4.0,295.0,기타,호텔,18305.0,관광호텔업
700,영업중,서울특별시 중구 남대문로 78 (명동1가),이비스 앰배서더 명동,관광숙박업,198433.903211956,451323.216289926,중심상업지역,0.0,0.0,280.0,기타,기타,14697.67,관광호텔업
701,영업중,"서울특별시 중구 통일로 78 (순화동,외 1필지)",디에스디엘(주) 프레이저 플레이스 센트럴 서울,관광숙박업,197268.885433824,451148.620978965,일반상업지역,23.0,5.0,258.0,기타,숙박시설,34332.13,가족호텔업
702,영업중,서울특별시 중구 동호로 346 (오장동),베이튼호텔,관광숙박업,200171.935816725,451444.246421136,일반상업지역,20.0,3.0,161.0,기타,숙박시설,5769.68,관광호텔업
703,영업중,서울특별시 중구 퇴계로 334 (광희동2가),맹그로브 동대문,관광숙박업,200701.142404743,451316.536804153,일반상업지역,16.0,3.0,177.0,기타,호텔,5967.01,관광호텔업
704,영업중,"서울특별시 서대문구 연희로 353, 스위스그랜드호텔 (홍은동)",스위스그랜드호텔서울,관광숙박업,194211.997213753,454098.970268002,,12.0,3.0,503.0,기타,,116496.85,관광호텔업
705,영업중,서울특별시 중구 을지로 16 (을지로1가),프레지던트호텔,관광숙박업,198113.370663648,451483.299976911,,0.0,0.0,303.0,,,37527.0,관광호텔업
706,영업중,서울특별시 중구 퇴계로 130 (남산동2가),서울프린스호텔,관광숙박업,198717.824491651,450932.964839778,,0.0,0.0,100.0,,,4297.0,관광호텔업
707,영업중,서울특별시 중구 세종대로22길 16 (태평로1가),뉴서울호텔,관광숙박업,198000.967176821,451745.025547093,,0.0,0.0,186.0,,,9429.0,관광호텔업
708,영업중,서울특별시 중구 소공로 106 (소공동),(주)조선호텔앤리조트,관광숙박업,198172.151119488,451350.969223428,,0.0,0.0,462.0,,,46501.0,관광호텔업
709,영업중,서울특별시 중구 퇴계로10길 23 (회현동1가),(주)서울렉스호텔,관광숙박업,198249.758791197,450711.482993526,,0.0,0.0,108.0,,,5201.0,관광호텔업
710,영업중,서울특별시 중구 마른내로 71 (인현동2가),호텔 PJ,관광숙박업,199550.506270874,451392.219693582,,0.0,0.0,272.0,,,27504.0,관광호텔업
711,영업중,서울특별시 양천구 가로공원로 167 (신월동),캠프 관광호텔,관광숙박업,185307.072104229,448328.26558548,일반주거지역,10.0,1.0,50.0,주택가주변,호텔,2931.0,
712,영업중,"서울특별시 서대문구 신촌역로 7, 신촌푸르지오시티 14,15,22층 (대현동)",신촌 EVER8 레지던스 호텔,관광숙박업,194855.910937446,450573.690449065,일반상업지역,22.0,7.0,47.0,,호텔,3229.53,가족호텔업
713,영업중,서울특별시 서대문구 충정로 76 (미근동),신라스테이서대문,관광숙박업,196994.923867704,451431.128739436,일반상업지역,25.0,4.0,319.0,기타,호텔,13529.18,관광호텔업
714,영업중,서울특별시 종로구 인사동길 20-9 (인사동),도미인 익스프레스 서울 인사동,관광숙박업,198797.815432789,452231.193562946,일반상업지역,13.0,3.0,127.0,기타,호텔,4543.43,관광호텔업
715,영업중,서울특별시 마포구 연희로 27 (동교동),클레오,관광숙박업,193449.985027039,451015.020894903,,7.0,1.0,24.0,,,600.69,호스텔업
716,영업중,서울특별시 마포구 양화로 188 (동교동),홀리데이 인 익스프레스 서울 홍대,관광숙박업,193285.549735897,450808.571641119,,710.0,0.0,294.0,,,13610.51,관광호텔업
717,영업중,서울특별시 강남구 도산대로 216 (논현동),에이든 청담호텔,관광숙박업,202624.921452758,446421.036809928,,0.0,0.0,0.0,,,0.0,관광호텔업
718,영업중,서울특별시 동대문구 천호대로 291-1 (답십리동),SM부티크호텔,관광숙박업,204662.341213164,451605.260722901,,0.0,0.0,34.0,,,1617.56,관광호텔업
719,영업중,서울특별시 은평구 진흥로 169 (대조동),시안호텔,관광숙박업,193616.443648211,456275.831801835,일반상업지역,10.0,1.0,0.0,,숙박시설,2331.44,관광호텔업
720,영업중,"서울특별시 서초구 청계산로9길 1-7, 오라카이 청계산호텔 (신원동)",오라카이 청계산 호텔,관광숙박업,204773.965728195,438573.091945475,준주거지역,5.0,3.0,193.0,,,4000.0,관광호텔업
721,영업중,서울특별시 강남구 봉은사로 428 (삼성동),호텔 크레센도 서울,관광숙박업,204077.378499389,445400.198580187,일반주거지역,4.0,13.0,106.0,,호텔,4997.78,관광호텔업
722,영업중,서울특별시 금천구 벚꽃로 204 (가산동),바모스,관광숙박업,189919.971505268,441209.131322921,준공업지역,10.0,1.0,93.0,기타,호텔,349.45,호스텔업
723,영업중,서울특별시 중구 퇴계로 325 (광희동2가),토요코인 서울 동대문 Ⅱ,관광숙박업,200625.524648469,451359.906142005,일반상업지역,20.0,1.0,207.0,기타,숙박시설,4699.22,관광호텔업
724,영업중,서울특별시 영등포구 당산로20길 5-1 (당산동1가),더 리베라,관광숙박업,190820.780294749,446822.685784485,준공업지역,10.0,1.0,49.0,학교정화(상대),숙박시설,1252.4,호스텔업
725,영업중,"서울특별시 마포구 양화로 94, 보보호텔 (서교동)",보보호텔,관광숙박업,192702.357899428,450008.91757619,준주거지역,5.0,1.0,55.0,학교정화(상대),호텔,2625.0,관광호텔업
726,영업중,"서울특별시 종로구 종로62길 17, 7층 (숭인동)",케이디호스텔 7,관광숙박업,201649.840328936,452323.368074798,일반상업지역,1.0,0.0,9.0,학교정화(상대),숙박시설,259.27,호스텔업
727,영업중,"서울특별시 종로구 종로62길 17, 8층 (숭인동)",KD-ONE8,관광숙박업,201649.840328936,452323.368074798,일반상업지역,1.0,0.0,9.0,학교정화(상대),숙박시설,259.27,호스텔업
728,영업중,"서울특별시 종로구 종로62길 17, 9층 (숭인동)",KD-ONE9,관광숙박업,201649.840328936,452323.368074798,일반상업지역,1.0,0.0,9.0,학교정화(상대),숙박시설,259.27,호스텔업
729,영업중,서울특별시 강남구 논현로 734 (논현동),아난티 앳 강남,관광숙박업,202545.820550895,446151.727131374,일반주거지역,11.0,5.0,112.0,주택가주변,숙박시설,16770.2,관광호텔업
730,영업중,"서울특별시 영등포구 선유로24길 3-3, 가온 (양평동1가)",가온,관광숙박업,190266.579204407,446769.272182126,준공업지역,9.0,1.0,38.0,주택가주변,숙박시설,829.2,호스텔업
731,영업중,서울특별시 금천구 시흥대로123길 66 (독산동),팔팔호텔,관광숙박업,190668.161430053,441118.006804771,준공업지역,10.0,2.0,100.0,,,4639.96,관광호텔업
732,영업중,"서울특별시 은평구 연서로26길 3-15, 호텔리젠 (대조동)",호텔리젠,관광숙박업,192911.176350404,457290.916465449,일반상업지역,9.0,1.0,0.0,,숙박시설,456.67,호스텔업
733,영업중,"서울특별시 중구 명동7가길 22, 3~11층 (을지로2가)",호텔베르,관광숙박업,198441.269874845,451365.561736866,,11.0,1.0,40.0,,숙박시설,1551.69,의료관광호텔업
734,영업중,서울특별시 용산구 우사단로14길 11 (이태원동),누베르 서울호텔,관광숙박업,199602.998335774,448000.622353627,상업지역,7.0,2.0,71.0,학교정화(상대),,2796.53,관광호텔업
735,영업중,"서울특별시 광진구 광나루로 354, 2층 (화양동)",호스텔 온기,관광숙박업,206041.488817405,449522.62415745,일반상업지역,0.0,0.0,13.0,,,247.31,호스텔업
736,영업중,"서울특별시 중구 명동9길 21, 지상3층,4층 (명동1가)",호스텔아라,관광숙박업,198564.1795109,451386.874682463,일반상업지역,0.0,0.0,20.0,,,441.54,호스텔업
737,영업중,"서울특별시 중구 퇴계로18길 33, 지하1층,지상4층 (남산동2가)",센트럴,관광숙박업,198623.369754854,450781.146728928,일반주거지역,4.0,1.0,10.0,,,255.46,호스텔업
738,영업중,"서울특별시 중구 남대문로5길 23, 세창빌딩 2층 (북창동)",올스테이 호스텔,관광숙박업,198068.131653285,451126.465954538,상업지역,2.0,0.0,11.0,,숙박시설,175.21,호스텔업
739,영업중,"서울특별시 종로구 종로46길 1, 4, 5층 (창신동)",케이스테이,관광숙박업,200899.709096426,452134.545425205,일반상업지역,0.0,0.0,27.0,기타,숙박시설,498.24,호스텔업
740,영업중,"서울특별시 중구 명동10길 19-27, 디자이너스빌딩 (명동2가)",블루닷 포쉬텔,관광숙박업,198678.774286832,451209.550729181,중심상업지역,0.0,0.0,51.0,,,1554.41,호스텔업
741,영업중,서울특별시 중구 퇴계로18길 49 (남산동2가),다두하우스,관광숙박업,198586.947483956,450721.931166203,일반주거지역,0.0,0.0,8.0,,,274.68,호스텔업
742,영업중,"서울특별시 종로구 종로 313-3, 3, 4층 (창신동)",오리지날 백패커스,관광숙박업,201038.054251039,452238.219197074,일반상업지역,0.0,0.0,10.0,기타,숙박시설,276.42,호스텔업
743,등록취소,"서울특별시 중구 칠패로 27  (순화동,외 1필지 C동)",라마다호텔앤스위트 서울센트럴,관광숙박업,197462.198757043,450878.211786274,일반상업지역,25.0,3.0,0.0,기타,숙박시설,25524.92,
744,직권말소,서울특별시 강서구 남부순환로 188 (외발산동),붐 관광호텔,관광숙박업,183993.393147385,449605.865701793,,0.0,0.0,0.0,,,0.0,
745,직권말소,서울특별시 동대문구 장한로24길 8 (장안동),호텔나인(NINE),관광숙박업,206231.420255296,452041.476809255,,10.0,2.0,53.0,,숙박시설,3211.55,관광호텔업
746,직권말소,"서울특별시 영등포구 국회대로76길 16  (여의도동,1층)",맨하탄,관광숙박업,193019.645823279,447560.162310375,,0.0,0.0,0.0,,,0.0,
747,직권말소,서울특별시 영등포구 버드나루로 23  (영등포동2가),라스베가스,관광숙박업,192165.93453037,446508.000792709,,0.0,0.0,0.0,,,0.0,
748,직권말소,서울특별시 영등포구 국회대로76길 16  (여의도동),"스카이라운지,나이트",관광숙박업,193019.645823279,447560.162310375,,0.0,0.0,0.0,,,0.0,
749,직권말소,서울특별시 영등포구 국회대로76길 16  (여의도동),맨하탄단란주점,관광숙박업,193019.645823279,447560.162310375,,0.0,0.0,0.0,,,0.0,
750,직권말소,서울특별시 영등포구 은행로 62  (여의도동),여의도관광호텔나이트,관광숙박업,193321.88651945,447552.076521358,,0.0,0.0,0.0,,,0.0,
751,직권말소,서울특별시 영등포구 은행로 62  (여의도동),여의도관광호텔,관광숙박업,193321.88651945,447552.076521358,,0.0,0.0,0.0,,,0.0,
752,직권말소,서울특별시 영등포구 버드나루로 23  (영등포동2가),온정개발,관광숙박업,192165.93453037,446508.000792709,,0.0,0.0,0.0,,,0.0,
753,직권말소,서울특별시 영등포구 국회대로76길 16  (여의도동),호텔 맨하탄,관광숙박업,193019.645823279,447560.162310375,,0.0,0.0,0.0,,,0.0,
754,직권말소,서울특별시 영등포구 은행로 62  (여의도동),여의도관광호텔바,관광숙박업,193321.88651945,447552.076521358,,0.0,0.0,0.0,,,0.0,
755,직권말소,서울특별시 용산구 한강대로 253 (갈월동),가야라트리호텔,관광숙박업,197492.793337805,448731.316989981,일반상업지역,6.0,1.0,51.0,,호텔,2716.52,관광호텔업
756,직권말소,서울특별시 영등포구 국회대로76길 16  (여의도동),맨하탄호텔,관광숙박업,193019.645823279,447560.162310375,,0.0,0.0,0.0,,,0.0,
757,직권말소,서울특별시 영등포구 버드나루로 23  (영등포동2가),라스베가스관광호텔,관광숙박업,192165.93453037,446508.000792709,,0.0,0.0,0.0,,,0.0,
758,직권말소,서울특별시 영등포구 은행로 62  (여의도동),여의도관광호텔,관광숙박업,193321.88651945,447552.076521358,,0.0,0.0,0.0,,,0.0,
759,직권말소,서울특별시 영등포구 국회대로76길 16  (여의도동),맨하탄호텔터키베스,관광숙박업,193019.645823279,447560.162310375,,0.0,0.0,0.0,,,0.0,
760,직권말소,서울특별시 영등포구 은행로 62  (여의도동),여의도관광(칵테일바),관광숙박업,193321.88651945,447552.076521358,,0.0,0.0,0.0,,,0.0,
761,직권말소,서울특별시 영등포구 은행로 62  (여의도동),여의도관광호텔,관광숙박업,193321.88651945,447552.076521358,,0.0,0.0,0.0,,,0.0,
